Title,Price,Rating,Colour,Size,Gender
Unknown Product,$100.00,Rating: ⭐ Invalid Rating / 5,5 Colors,Size: M,Gender: Men
T-shirt 2,$102.15,Rating: ⭐ 3.9 / 5,3 Colors,Size: M,Gender: Women
Hoodie 3,$496.88,Rating: ⭐ 4.8 / 5,3 Colors,Size: L,Gender: Unisex
Pants 4,$467.31,Rating: ⭐ 3.3 / 5,3 Colors,Size: XL,Gender: Men
Outerwear 5,$321.59,Rating: ⭐ 3.5 / 5,3 Colors,Size: XXL,Gender: Women
Jacket 6,$153.37,Rating: ⭐ 3.3 / 5,3 Colors,Size: S,Gender: Unisex
Crewneck 7,$430.75,Rating: ⭐ 4.3 / 5,3 Colors,Size: M,Gender: Men
T-shirt 8,$487.66,Rating: ⭐ 3.1 / 5,3 Colors,Size: L,Gender: Women
Hoodie 9,$248.26,Rating: ⭐ 3.2 / 5,3 Colors,Size: XL,Gender: Unisex
Pants 10,$193.76,Rating: ⭐ 4.2 / 5,3 Colors,Size: XXL,Gender: Men
Unknown Product,$100.00,Rating: ⭐ Invalid Rating / 5,5 Colors,Size: M,Gender: Men
Jacket 12,$532.99,Rating: ⭐ 3.9 / 5,3 Colors,Size: M,Gender: Unisex
Crewneck 13,$340.45,Rating: ⭐ 3.2 / 5,3 Colors,Size: L,Gender: Men
T-shirt 14,$203.05,Rating: ⭐ 3.8 / 5,3 Colors,Size: XL,Gender: Women
Hoodie 15,$136.51,Rating: ⭐ 3.6 / 5,3 Colors,Size: XXL,Gender: Unisex
Pants 16,,Rating: Not Rated,8 Colors,Size: S,Gender: Men
Outerwear 17,$52.60,Rating: ⭐ 3.8 / 5,3 Colors,Size: M,Gender: Women
Jacket 18,$343.75,Rating: ⭐ 3.8 / 5,3 Colors,Size: L,Gender: Unisex
Crewneck 19,$81.81,Rating: ⭐ 3.6 / 5,3 Colors,Size: XL,Gender: Men
T-shirt 20,$82.85,Rating: ⭐ 3.4 / 5,3 Colors,Size: XXL,Gender: Women
Unknown Product,$100.00,Rating: ⭐ Invalid Rating / 5,5 Colors,Size: M,Gender: Men
Pants 22,$269.98,Rating: ⭐ 4.9 / 5,3 Colors,Size: M,Gender: Men
Outerwear 23,$290.99,Rating: ⭐ 3.7 / 5,3 Colors,Size: L,Gender: Women
Jacket 24,$513.97,Rating: ⭐ 3.9 / 5,3 Colors,Size: XL,Gender: Unisex
Crewneck 25,$520.16,Rating: ⭐ 3.3 / 5,3 Colors,Size: XXL,Gender: Men
T-shirt 26,$455.77,Rating: ⭐ 4.6 / 5,3 Colors,Size: S,Gender: Women
Hoodie 27,$221.99,Rating: ⭐ 4.8 / 5,3 Colors,Size: M,Gender: Unisex
Pants 28,$326.01,Rating: ⭐ 4.0 / 5,3 Colors,Size: L,Gender: Men
Outerwear 29,$53.85,Rating: ⭐ 3.1 / 5,3 Colors,Size: XL,Gender: Women
Jacket 30,$538.14,Rating: ⭐ 3.7 / 5,3 Colors,Size: XXL,Gender: Unisex
Unknown Product,$100.00,Rating: ⭐ Invalid Rating / 5,5 Colors,Size: M,Gender: Men
T-shirt 32,$416.12,Rating: ⭐ 3.4 / 5,3 Colors,Size: M,Gender: Women
Hoodie 33,$453.01,Rating: ⭐ 3.5 / 5,3 Colors,Size: L,Gender: Unisex
Pants 34,$522.67,Rating: ⭐ 3.8 / 5,3 Colors,Size: XL,Gender: Men
Outerwear 35,$84.76,Rating: ⭐ 3.8 / 5,3 Colors,Size: XXL,Gender: Women
Jacket 36,$453.08,Rating: ⭐ 3.7 / 5,3 Colors,Size: S,Gender: Unisex
Crewneck 37,$375.38,Rating: ⭐ 4.0 / 5,3 Colors,Size: M,Gender: Men
T-shirt 38,$304.13,Rating: ⭐ 3.2 / 5,3 Colors,Size: L,Gender: Women
Hoodie 39,$401.95,Rating: ⭐ 4.6 / 5,3 Colors,Size: XL,Gender: Unisex
Pants 40,$365.85,Rating: ⭐ 3.1 / 5,3 Colors,Size: XXL,Gender: Men
Unknown Product,$100.00,Rating: ⭐ Invalid Rating / 5,5 Colors,Size: M,Gender: Men
Jacket 42,$421.51,Rating: ⭐ 3.7 / 5,3 Colors,Size: M,Gender: Unisex
Crewneck 43,$181.85,Rating: ⭐ 4.5 / 5,3 Colors,Size: L,Gender: Men
T-shirt 44,$207.02,Rating: ⭐ 3.0 / 5,3 Colors,Size: XL,Gender: Women
Hoodie 45,$543.32,Rating: ⭐ 4.5 / 5,3 Colors,Size: XXL,Gender: Unisex
Pants 46,,Rating: Not Rated,8 Colors,Size: S,Gender: Men
Outerwear 47,$397.79,Rating: ⭐ 3.2 / 5,3 Colors,Size: M,Gender: Women
Jacket 48,$312.17,Rating: ⭐ 3.4 / 5,3 Colors,Size: L,Gender: Unisex
Crewneck 49,$66.95,Rating: ⭐ 4.0 / 5,3 Colors,Size: XL,Gender: Men
T-shirt 50,$370.81,Rating: ⭐ 3.1 / 5,3 Colors,Size: XXL,Gender: Women
Unknown Product,$100.00,Rating: ⭐ Invalid Rating / 5,5 Colors,Size: M,Gender: Men
Pants 52,$99.78,Rating: ⭐ 4.0 / 5,3 Colors,Size: M,Gender: Men
Outerwear 53,$279.43,Rating: ⭐ 4.3 / 5,3 Colors,Size: L,Gender: Women
Jacket 54,$53.41,Rating: ⭐ 4.2 / 5,3 Colors,Size: XL,Gender: Unisex
Crewneck 55,$112.11,Rating: ⭐ 3.6 / 5,3 Colors,Size: XXL,Gender: Men
T-shirt 56,$290.19,Rating: ⭐ 3.8 / 5,3 Colors,Size: S,Gender: Women
Hoodie 57,$197.21,Rating: ⭐ 4.9 / 5,3 Colors,Size: M,Gender: Unisex
Pants 58,$102.36,Rating: ⭐ 4.4 / 5,3 Colors,Size: L,Gender: Men
Outerwear 59,$140.89,Rating: ⭐ 4.6 / 5,3 Colors,Size: XL,Gender: Women
Jacket 60,$210.97,Rating: ⭐ 4.2 / 5,3 Colors,Size: XXL,Gender: Unisex
Unknown Product,$100.00,Rating: ⭐ Invalid Rating / 5,5 Colors,Size: M,Gender: Men
T-shirt 62,$86.03,Rating: ⭐ 3.8 / 5,3 Colors,Size: M,Gender: Women
Hoodie 63,$404.95,Rating: ⭐ 3.6 / 5,3 Colors,Size: L,Gender: Unisex
Pants 64,$483.03,Rating: ⭐ 4.0 / 5,3 Colors,Size: XL,Gender: Men
Outerwear 65,$149.12,Rating: ⭐ 4.1 / 5,3 Colors,Size: XXL,Gender: Women
Jacket 66,$272.07,Rating: ⭐ 3.5 / 5,3 Colors,Size: S,Gender: Unisex
Crewneck 67,$529.42,Rating: ⭐ 3.5 / 5,3 Colors,Size: M,Gender: Men
T-shirt 68,$501.58,Rating: ⭐ 4.0 / 5,3 Colors,Size: L,Gender: Women
Hoodie 69,$64.24,Rating: ⭐ 3.6 / 5,3 Colors,Size: XL,Gender: Unisex
Pants 70,$73.21,Rating: ⭐ 4.4 / 5,3 Colors,Size: XXL,Gender: Men
Unknown Product,$100.00,Rating: ⭐ Invalid Rating / 5,5 Colors,Size: M,Gender: Men
Jacket 72,$236.00,Rating: ⭐ 4.4 / 5,3 Colors,Size: M,Gender: Unisex
Crewneck 73,$153.77,Rating: ⭐ 3.0 / 5,3 Colors,Size: L,Gender: Men
T-shirt 74,$481.55,Rating: ⭐ 3.8 / 5,3 Colors,Size: XL,Gender: Women
Hoodie 75,$131.36,Rating: ⭐ 4.3 / 5,3 Colors,Size: XXL,Gender: Unisex
Pants 76,,Rating: Not Rated,8 Colors,Size: S,Gender: Men
Outerwear 77,$53.86,Rating: ⭐ 3.7 / 5,3 Colors,Size: M,Gender: Women
Jacket 78,$169.78,Rating: ⭐ 4.3 / 5,3 Colors,Size: L,Gender: Unisex
Crewneck 79,$206.85,Rating: ⭐ 4.6 / 5,3 Colors,Size: XL,Gender: Men
T-shirt 80,$261.15,Rating: ⭐ 4.5 / 5,3 Colors,Size: XXL,Gender: Women
Unknown Product,$100.00,Rating: ⭐ Invalid Rating / 5,5 Colors,Size: M,Gender: Men
Pants 82,$519.72,Rating: ⭐ 4.8 / 5,3 Colors,Size: M,Gender: Men
Outerwear 83,$246.74,Rating: ⭐ 3.7 / 5,3 Colors,Size: L,Gender: Women
Jacket 84,$176.63,Rating: ⭐ 4.8 / 5,3 Colors,Size: XL,Gender: Unisex
Crewneck 85,$285.26,Rating: ⭐ 3.5 / 5,3 Colors,Size: XXL,Gender: Men
T-shirt 86,$104.43,Rating: ⭐ 3.9 / 5,3 Colors,Size: S,Gender: Women
Hoodie 87,$491.89,Rating: ⭐ 4.3 / 5,3 Colors,Size: M,Gender: Unisex
Pants 88,$474.40,Rating: ⭐ 3.1 / 5,3 Colors,Size: L,Gender: Men
Outerwear 89,$303.52,Rating: ⭐ 3.0 / 5,3 Colors,Size: XL,Gender: Women
Jacket 90,$447.50,Rating: ⭐ 4.0 / 5,3 Colors,Size: XXL,Gender: Unisex
Unknown Product,$100.00,Rating: ⭐ Invalid Rating / 5,5 Colors,Size: M,Gender: Men
T-shirt 92,$313.27,Rating: ⭐ 3.5 / 5,3 Colors,Size: M,Gender: Women
Hoodie 93,$85.33,Rating: ⭐ 3.6 / 5,3 Colors,Size: L,Gender: Unisex
Pants 94,$67.18,Rating: ⭐ 4.3 / 5,3 Colors,Size: XL,Gender: Men
Outerwear 95,$378.89,Rating: ⭐ 3.5 / 5,3 Colors,Size: XXL,Gender: Women
Jacket 96,$287.39,Rating: ⭐ 4.9 / 5,3 Colors,Size: S,Gender: Unisex
Crewneck 97,$382.07,Rating: ⭐ 3.9 / 5,3 Colors,Size: M,Gender: Men
T-shirt 98,$537.31,Rating: ⭐ 3.1 / 5,3 Colors,Size: L,Gender: Women
Hoodie 99,$314.25,Rating: ⭐ 3.6 / 5,3 Colors,Size: XL,Gender: Unisex
Pants 100,$138.58,Rating: ⭐ 4.6 / 5,3 Colors,Size: XXL,Gender: Men
Unknown Product,$100.00,Rating: ⭐ Invalid Rating / 5,5 Colors,Size: M,Gender: Men
Jacket 102,$240.04,Rating: ⭐ 3.3 / 5,3 Colors,Size: M,Gender: Unisex
Crewneck 103,$145.73,Rating: ⭐ 3.5 / 5,3 Colors,Size: L,Gender: Men
T-shirt 104,$148.40,Rating: ⭐ 3.8 / 5,3 Colors,Size: XL,Gender: Women
Hoodie 105,$313.74,Rating: ⭐ 4.2 / 5,3 Colors,Size: XXL,Gender: Unisex
Pants 106,,Rating: Not Rated,8 Colors,Size: S,Gender: Men
Outerwear 107,$414.07,Rating: ⭐ 4.0 / 5,3 Colors,Size: M,Gender: Women
Jacket 108,$346.98,Rating: ⭐ 4.8 / 5,3 Colors,Size: L,Gender: Unisex
Crewneck 109,$367.93,Rating: ⭐ 3.3 / 5,3 Colors,Size: XL,Gender: Men
T-shirt 110,$449.82,Rating: ⭐ 4.6 / 5,3 Colors,Size: XXL,Gender: Women
Unknown Product,$100.00,Rating: ⭐ Invalid Rating / 5,5 Colors,Size: M,Gender: Men
Pants 112,$266.37,Rating: ⭐ 3.3 / 5,3 Colors,Size: M,Gender: Men
Outerwear 113,$279.50,Rating: ⭐ 3.7 / 5,3 Colors,Size: L,Gender: Women
Jacket 114,$336.66,Rating: ⭐ 4.9 / 5,3 Colors,Size: XL,Gender: Unisex
Crewneck 115,$120.83,Rating: ⭐ 4.5 / 5,3 Colors,Size: XXL,Gender: Men
T-shirt 116,$217.16,Rating: ⭐ 3.0 / 5,3 Colors,Size: S,Gender: Women
Hoodie 117,$211.02,Rating: ⭐ 5.0 / 5,3 Colors,Size: M,Gender: Unisex
Pants 118,$349.09,Rating: ⭐ 3.2 / 5,3 Colors,Size: L,Gender: Men
Outerwear 119,$222.61,Rating: ⭐ 3.4 / 5,3 Colors,Size: XL,Gender: Women
Jacket 120,$467.52,Rating: ⭐ 4.0 / 5,3 Colors,Size: XXL,Gender: Unisex
Unknown Product,$100.00,Rating: ⭐ Invalid Rating / 5,5 Colors,Size: M,Gender: Men
T-shirt 122,$122.62,Rating: ⭐ 3.6 / 5,3 Colors,Size: M,Gender: Women
Hoodie 123,$281.13,Rating: ⭐ 3.8 / 5,3 Colors,Size: L,Gender: Unisex
Pants 124,$438.97,Rating: ⭐ 3.2 / 5,3 Colors,Size: XL,Gender: Men
Outerwear 125,$437.39,Rating: ⭐ 4.2 / 5,3 Colors,Size: XXL,Gender: Women
Jacket 126,$276.63,Rating: ⭐ 3.9 / 5,3 Colors,Size: S,Gender: Unisex
Crewneck 127,$519.48,Rating: ⭐ 4.0 / 5,3 Colors,Size: M,Gender: Men
T-shirt 128,$279.17,Rating: ⭐ 3.8 / 5,3 Colors,Size: L,Gender: Women
Hoodie 129,$158.28,Rating: ⭐ 4.5 / 5,3 Colors,Size: XL,Gender: Unisex
Pants 130,$412.72,Rating: ⭐ 4.8 / 5,3 Colors,Size: XXL,Gender: Men
Unknown Product,$100.00,Rating: ⭐ Invalid Rating / 5,5 Colors,Size: M,Gender: Men
Jacket 132,$404.68,Rating: ⭐ 4.2 / 5,3 Colors,Size: M,Gender: Unisex
Crewneck 133,$126.02,Rating: ⭐ 4.7 / 5,3 Colors,Size: L,Gender: Men
T-shirt 134,$371.09,Rating: ⭐ 3.2 / 5,3 Colors,Size: XL,Gender: Women
Hoodie 135,$321.34,Rating: ⭐ 4.7 / 5,3 Colors,Size: XXL,Gender: Unisex
Pants 136,,Rating: Not Rated,8 Colors,Size: S,Gender: Men
Outerwear 137,$436.77,Rating: ⭐ 4.5 / 5,3 Colors,Size: M,Gender: Women
Jacket 138,$289.72,Rating: ⭐ 3.4 / 5,3 Colors,Size: L,Gender: Unisex
Crewneck 139,$503.32,Rating: ⭐ 4.5 / 5,3 Colors,Size: XL,Gender: Men
T-shirt 140,$425.69,Rating: ⭐ 3.5 / 5,3 Colors,Size: XXL,Gender: Women
Unknown Product,$100.00,Rating: ⭐ Invalid Rating / 5,5 Colors,Size: M,Gender: Men
Pants 142,$145.33,Rating: ⭐ 4.9 / 5,3 Colors,Size: M,Gender: Men
Outerwear 143,$209.16,Rating: ⭐ 4.9 / 5,3 Colors,Size: L,Gender: Women
Jacket 144,$359.89,Rating: ⭐ 4.3 / 5,3 Colors,Size: XL,Gender: Unisex
Crewneck 145,$217.05,Rating: ⭐ 4.8 / 5,3 Colors,Size: XXL,Gender: Men
T-shirt 146,$480.54,Rating: ⭐ 4.3 / 5,3 Colors,Size: S,Gender: Women
Hoodie 147,$190.80,Rating: ⭐ 5.0 / 5,3 Colors,Size: M,Gender: Unisex
Pants 148,$377.09,Rating: ⭐ 4.7 / 5,3 Colors,Size: L,Gender: Men
Outerwear 149,$194.12,Rating: ⭐ 3.2 / 5,3 Colors,Size: XL,Gender: Women
Jacket 150,$93.79,Rating: ⭐ 3.6 / 5,3 Colors,Size: XXL,Gender: Unisex
Unknown Product,$100.00,Rating: ⭐ Invalid Rating / 5,5 Colors,Size: M,Gender: Men
T-shirt 152,$393.04,Rating: ⭐ 4.2 / 5,3 Colors,Size: M,Gender: Women
Hoodie 153,$166.29,Rating: ⭐ 4.3 / 5,3 Colors,Size: L,Gender: Unisex
Pants 154,$146.09,Rating: ⭐ 3.0 / 5,3 Colors,Size: XL,Gender: Men
Outerwear 155,$236.45,Rating: ⭐ 4.1 / 5,3 Colors,Size: XXL,Gender: Women
Jacket 156,$415.32,Rating: ⭐ 3.6 / 5,3 Colors,Size: S,Gender: Unisex
Crewneck 157,$69.11,Rating: ⭐ 4.0 / 5,3 Colors,Size: M,Gender: Men
T-shirt 158,$457.57,Rating: ⭐ 4.0 / 5,3 Colors,Size: L,Gender: Women
Hoodie 159,$148.23,Rating: ⭐ 4.9 / 5,3 Colors,Size: XL,Gender: Unisex
Pants 160,$175.18,Rating: ⭐ 3.4 / 5,3 Colors,Size: XXL,Gender: Men
Unknown Product,$100.00,Rating: ⭐ Invalid Rating / 5,5 Colors,Size: M,Gender: Men
Jacket 162,$96.49,Rating: ⭐ 4.5 / 5,3 Colors,Size: M,Gender: Unisex
Crewneck 163,$491.37,Rating: ⭐ 4.4 / 5,3 Colors,Size: L,Gender: Men
T-shirt 164,$219.50,Rating: ⭐ 3.9 / 5,3 Colors,Size: XL,Gender: Women
Hoodie 165,$432.58,Rating: ⭐ 4.9 / 5,3 Colors,Size: XXL,Gender: Unisex
Pants 166,,Rating: Not Rated,8 Colors,Size: S,Gender: Men
Outerwear 167,$204.61,Rating: ⭐ 3.1 / 5,3 Colors,Size: M,Gender: Women
Jacket 168,$54.40,Rating: ⭐ 4.4 / 5,3 Colors,Size: L,Gender: Unisex
Crewneck 169,$502.05,Rating: ⭐ 4.7 / 5,3 Colors,Size: XL,Gender: Men
T-shirt 170,$417.37,Rating: ⭐ 4.5 / 5,3 Colors,Size: XXL,Gender: Women
Unknown Product,$100.00,Rating: ⭐ Invalid Rating / 5,5 Colors,Size: M,Gender: Men
Pants 172,$97.88,Rating: ⭐ 4.9 / 5,3 Colors,Size: M,Gender: Men
Outerwear 173,$439.66,Rating: ⭐ 4.6 / 5,3 Colors,Size: L,Gender: Women
Jacket 174,$392.64,Rating: ⭐ 3.3 / 5,3 Colors,Size: XL,Gender: Unisex
Crewneck 175,$507.82,Rating: ⭐ 4.5 / 5,3 Colors,Size: XXL,Gender: Men
T-shirt 176,$381.52,Rating: ⭐ 3.6 / 5,3 Colors,Size: S,Gender: Women
Hoodie 177,$118.15,Rating: ⭐ 4.6 / 5,3 Colors,Size: M,Gender: Unisex
Pants 178,$386.51,Rating: ⭐ 3.0 / 5,3 Colors,Size: L,Gender: Men
Outerwear 179,$363.54,Rating: ⭐ 3.5 / 5,3 Colors,Size: XL,Gender: Women
Jacket 180,$347.04,Rating: ⭐ 3.9 / 5,3 Colors,Size: XXL,Gender: Unisex
Unknown Product,$100.00,Rating: ⭐ Invalid Rating / 5,5 Colors,Size: M,Gender: Men
T-shirt 182,$145.93,Rating: ⭐ 3.8 / 5,3 Colors,Size: M,Gender: Women
Hoodie 183,$244.04,Rating: ⭐ 3.6 / 5,3 Colors,Size: L,Gender: Unisex
Pants 184,$484.97,Rating: ⭐ 4.5 / 5,3 Colors,Size: XL,Gender: Men
Outerwear 185,$488.93,Rating: ⭐ 3.2 / 5,3 Colors,Size: XXL,Gender: Women
Jacket 186,$433.78,Rating: ⭐ 4.2 / 5,3 Colors,Size: S,Gender: Unisex
Crewneck 187,$416.47,Rating: ⭐ 3.8 / 5,3 Colors,Size: M,Gender: Men
T-shirt 188,$245.49,Rating: ⭐ 4.4 / 5,3 Colors,Size: L,Gender: Women
Hoodie 189,$121.67,Rating: ⭐ 4.0 / 5,3 Colors,Size: XL,Gender: Unisex
Pants 190,$138.81,Rating: ⭐ 4.5 / 5,3 Colors,Size: XXL,Gender: Men
Unknown Product,$100.00,Rating: ⭐ Invalid Rating / 5,5 Colors,Size: M,Gender: Men
Jacket 192,$316.64,Rating: ⭐ 3.8 / 5,3 Colors,Size: M,Gender: Unisex
Crewneck 193,$459.73,Rating: ⭐ 4.1 / 5,3 Colors,Size: L,Gender: Men
T-shirt 194,$176.17,Rating: ⭐ 4.9 / 5,3 Colors,Size: XL,Gender: Women
Hoodie 195,$450.56,Rating: ⭐ 4.9 / 5,3 Colors,Size: XXL,Gender: Unisex
Pants 196,,Rating: Not Rated,8 Colors,Size: S,Gender: Men
Outerwear 197,$355.10,Rating: ⭐ 4.9 / 5,3 Colors,Size: M,Gender: Women
Jacket 198,$339.69,Rating: ⭐ 4.5 / 5,3 Colors,Size: L,Gender: Unisex
Crewneck 199,$421.52,Rating: ⭐ 3.1 / 5,3 Colors,Size: XL,Gender: Men
T-shirt 200,$393.12,Rating: ⭐ 3.5 / 5,3 Colors,Size: XXL,Gender: Women
Unknown Product,$100.00,Rating: ⭐ Invalid Rating / 5,5 Colors,Size: M,Gender: Men
Pants 202,$349.53,Rating: ⭐ 3.3 / 5,3 Colors,Size: M,Gender: Men
Outerwear 203,$134.00,Rating: ⭐ 3.4 / 5,3 Colors,Size: L,Gender: Women
Jacket 204,$376.94,Rating: ⭐ 3.9 / 5,3 Colors,Size: XL,Gender: Unisex
Crewneck 205,$402.18,Rating: ⭐ 3.2 / 5,3 Colors,Size: XXL,Gender: Men
T-shirt 206,$292.17,Rating: ⭐ 4.5 / 5,3 Colors,Size: S,Gender: Women
Hoodie 207,$381.34,Rating: ⭐ 3.5 / 5,3 Colors,Size: M,Gender: Unisex
Pants 208,$289.85,Rating: ⭐ 3.1 / 5,3 Colors,Size: L,Gender: Men
Outerwear 209,$498.79,Rating: ⭐ 4.3 / 5,3 Colors,Size: XL,Gender: Women
Jacket 210,$489.21,Rating: ⭐ 4.7 / 5,3 Colors,Size: XXL,Gender: Unisex
Unknown Product,$100.00,Rating: ⭐ Invalid Rating / 5,5 Colors,Size: M,Gender: Men
T-shirt 212,$549.68,Rating: ⭐ 4.7 / 5,3 Colors,Size: M,Gender: Women
Hoodie 213,$359.25,Rating: ⭐ 3.6 / 5,3 Colors,Size: L,Gender: Unisex
Pants 214,$269.73,Rating: ⭐ 4.9 / 5,3 Colors,Size: XL,Gender: Men
Outerwear 215,$90.60,Rating: ⭐ 3.8 / 5,3 Colors,Size: XXL,Gender: Women
Jacket 216,$286.03,Rating: ⭐ 4.6 / 5,3 Colors,Size: S,Gender: Unisex
Crewneck 217,$360.81,Rating: ⭐ 4.8 / 5,3 Colors,Size: M,Gender: Men
T-shirt 218,$350.02,Rating: ⭐ 3.1 / 5,3 Colors,Size: L,Gender: Women
Hoodie 219,$354.44,Rating: ⭐ 4.6 / 5,3 Colors,Size: XL,Gender: Unisex
Pants 220,$209.85,Rating: ⭐ 3.2 / 5,3 Colors,Size: XXL,Gender: Men
Unknown Product,$100.00,Rating: ⭐ Invalid Rating / 5,5 Colors,Size: M,Gender: Men
Jacket 222,$464.88,Rating: ⭐ 3.4 / 5,3 Colors,Size: M,Gender: Unisex
Crewneck 223,$59.56,Rating: ⭐ 4.8 / 5,3 Colors,Size: L,Gender: Men
T-shirt 224,$220.91,Rating: ⭐ 4.5 / 5,3 Colors,Size: XL,Gender: Women
Hoodie 225,$327.05,Rating: ⭐ 3.5 / 5,3 Colors,Size: XXL,Gender: Unisex
Pants 226,,Rating: Not Rated,8 Colors,Size: S,Gender: Men
Outerwear 227,$421.41,Rating: ⭐ 4.8 / 5,3 Colors,Size: M,Gender: Women
Jacket 228,$504.80,Rating: ⭐ 4.5 / 5,3 Colors,Size: L,Gender: Unisex
Crewneck 229,$193.87,Rating: ⭐ 4.9 / 5,3 Colors,Size: XL,Gender: Men
T-shirt 230,$445.83,Rating: ⭐ 4.5 / 5,3 Colors,Size: XXL,Gender: Women
Unknown Product,$100.00,Rating: ⭐ Invalid Rating / 5,5 Colors,Size: M,Gender: Men
Pants 232,$520.46,Rating: ⭐ 4.0 / 5,3 Colors,Size: M,Gender: Men
Outerwear 233,$52.96,Rating: ⭐ 4.8 / 5,3 Colors,Size: L,Gender: Women
Jacket 234,$72.45,Rating: ⭐ 4.5 / 5,3 Colors,Size: XL,Gender: Unisex
Crewneck 235,$410.02,Rating: ⭐ 3.4 / 5,3 Colors,Size: XXL,Gender: Men
T-shirt 236,$343.27,Rating: ⭐ 3.9 / 5,3 Colors,Size: S,Gender: Women
Hoodie 237,$296.47,Rating: ⭐ 3.1 / 5,3 Colors,Size: M,Gender: Unisex
Pants 238,$518.87,Rating: ⭐ 3.8 / 5,3 Colors,Size: L,Gender: Men
Outerwear 239,$495.88,Rating: ⭐ 3.1 / 5,3 Colors,Size: XL,Gender: Women
Jacket 240,$475.00,Rating: ⭐ 3.8 / 5,3 Colors,Size: XXL,Gender: Unisex
Unknown Product,$100.00,Rating: ⭐ Invalid Rating / 5,5 Colors,Size: M,Gender: Men
T-shirt 242,$302.10,Rating: ⭐ 3.4 / 5,3 Colors,Size: M,Gender: Women
Hoodie 243,$210.73,Rating: ⭐ 3.1 / 5,3 Colors,Size: L,Gender: Unisex
Pants 244,$507.26,Rating: ⭐ 3.1 / 5,3 Colors,Size: XL,Gender: Men
Outerwear 245,$90.73,Rating: ⭐ 4.0 / 5,3 Colors,Size: XXL,Gender: Women
Jacket 246,$545.94,Rating: ⭐ 3.1 / 5,3 Colors,Size: S,Gender: Unisex
Crewneck 247,$548.07,Rating: ⭐ 3.0 / 5,3 Colors,Size: M,Gender: Men
T-shirt 248,$142.50,Rating: ⭐ 4.5 / 5,3 Colors,Size: L,Gender: Women
Hoodie 249,$134.34,Rating: ⭐ 4.2 / 5,3 Colors,Size: XL,Gender: Unisex
Pants 250,$269.64,Rating: ⭐ 3.1 / 5,3 Colors,Size: XXL,Gender: Men
Unknown Product,$100.00,Rating: ⭐ Invalid Rating / 5,5 Colors,Size: M,Gender: Men
Jacket 252,$525.53,Rating: ⭐ 3.2 / 5,3 Colors,Size: M,Gender: Unisex
Crewneck 253,$115.92,Rating: ⭐ 3.9 / 5,3 Colors,Size: L,Gender: Men
T-shirt 254,$374.01,Rating: ⭐ 3.9 / 5,3 Colors,Size: XL,Gender: Women
Hoodie 255,$229.25,Rating: ⭐ 4.1 / 5,3 Colors,Size: XXL,Gender: Unisex
Pants 256,,Rating: Not Rated,8 Colors,Size: S,Gender: Men
Outerwear 257,$442.07,Rating: ⭐ 5.0 / 5,3 Colors,Size: M,Gender: Women
Jacket 258,$130.04,Rating: ⭐ 4.7 / 5,3 Colors,Size: L,Gender: Unisex
Crewneck 259,$142.22,Rating: ⭐ 3.3 / 5,3 Colors,Size: XL,Gender: Men
T-shirt 260,$391.97,Rating: ⭐ 3.5 / 5,3 Colors,Size: XXL,Gender: Women
Unknown Product,$100.00,Rating: ⭐ Invalid Rating / 5,5 Colors,Size: M,Gender: Men
Pants 262,$68.61,Rating: ⭐ 3.4 / 5,3 Colors,Size: M,Gender: Men
Outerwear 263,$117.40,Rating: ⭐ 4.2 / 5,3 Colors,Size: L,Gender: Women
Jacket 264,$128.94,Rating: ⭐ 4.8 / 5,3 Colors,Size: XL,Gender: Unisex
Crewneck 265,$155.19,Rating: ⭐ 3.5 / 5,3 Colors,Size: XXL,Gender: Men
T-shirt 266,$302.63,Rating: ⭐ 4.6 / 5,3 Colors,Size: S,Gender: Women
Hoodie 267,$255.39,Rating: ⭐ 4.3 / 5,3 Colors,Size: M,Gender: Unisex
Pants 268,$312.82,Rating: ⭐ 3.6 / 5,3 Colors,Size: L,Gender: Men
Outerwear 269,$504.62,Rating: ⭐ 3.1 / 5,3 Colors,Size: XL,Gender: Women
Jacket 270,$160.57,Rating: ⭐ 4.2 / 5,3 Colors,Size: XXL,Gender: Unisex
Unknown Product,$100.00,Rating: ⭐ Invalid Rating / 5,5 Colors,Size: M,Gender: Men
T-shirt 272,$363.24,Rating: ⭐ 3.3 / 5,3 Colors,Size: M,Gender: Women
Hoodie 273,$330.71,Rating: ⭐ 4.9 / 5,3 Colors,Size: L,Gender: Unisex
Pants 274,$229.33,Rating: ⭐ 4.2 / 5,3 Colors,Size: XL,Gender: Men
Outerwear 275,$348.46,Rating: ⭐ 4.8 / 5,3 Colors,Size: XXL,Gender: Women
Jacket 276,$63.35,Rating: ⭐ 4.3 / 5,3 Colors,Size: S,Gender: Unisex
Crewneck 277,$148.98,Rating: ⭐ 4.7 / 5,3 Colors,Size: M,Gender: Men
T-shirt 278,$130.46,Rating: ⭐ 3.8 / 5,3 Colors,Size: L,Gender: Women
Hoodie 279,$349.52,Rating: ⭐ 4.7 / 5,3 Colors,Size: XL,Gender: Unisex
Pants 280,$468.84,Rating: ⭐ 3.9 / 5,3 Colors,Size: XXL,Gender: Men
Unknown Product,$100.00,Rating: ⭐ Invalid Rating / 5,5 Colors,Size: M,Gender: Men
Jacket 282,$139.19,Rating: ⭐ 3.0 / 5,3 Colors,Size: M,Gender: Unisex
Crewneck 283,$414.57,Rating: ⭐ 3.2 / 5,3 Colors,Size: L,Gender: Men
T-shirt 284,$410.50,Rating: ⭐ 3.6 / 5,3 Colors,Size: XL,Gender: Women
Hoodie 285,$188.07,Rating: ⭐ 3.2 / 5,3 Colors,Size: XXL,Gender: Unisex
Pants 286,,Rating: Not Rated,8 Colors,Size: S,Gender: Men
Outerwear 287,$329.60,Rating: ⭐ 3.7 / 5,3 Colors,Size: M,Gender: Women
Jacket 288,$195.19,Rating: ⭐ 4.1 / 5,3 Colors,Size: L,Gender: Unisex
Crewneck 289,$55.50,Rating: ⭐ 4.0 / 5,3 Colors,Size: XL,Gender: Men
T-shirt 290,$401.57,Rating: ⭐ 4.2 / 5,3 Colors,Size: XXL,Gender: Women
Unknown Product,$100.00,Rating: ⭐ Invalid Rating / 5,5 Colors,Size: M,Gender: Men
Pants 292,$149.03,Rating: ⭐ 3.9 / 5,3 Colors,Size: M,Gender: Men
Outerwear 293,$73.51,Rating: ⭐ 4.5 / 5,3 Colors,Size: L,Gender: Women
Jacket 294,$371.70,Rating: ⭐ 3.8 / 5,3 Colors,Size: XL,Gender: Unisex
Crewneck 295,$454.17,Rating: ⭐ 4.9 / 5,3 Colors,Size: XXL,Gender: Men
T-shirt 296,$73.26,Rating: ⭐ 3.1 / 5,3 Colors,Size: S,Gender: Women
Hoodie 297,$487.57,Rating: ⭐ 3.6 / 5,3 Colors,Size: M,Gender: Unisex
Pants 298,$151.63,Rating: ⭐ 4.8 / 5,3 Colors,Size: L,Gender: Men
Outerwear 299,$121.74,Rating: ⭐ 4.3 / 5,3 Colors,Size: XL,Gender: Women
Jacket 300,$400.53,Rating: ⭐ 4.0 / 5,3 Colors,Size: XXL,Gender: Unisex
Unknown Product,$100.00,Rating: ⭐ Invalid Rating / 5,5 Colors,Size: M,Gender: Men
T-shirt 302,$356.95,Rating: ⭐ 3.2 / 5,3 Colors,Size: M,Gender: Women
Hoodie 303,$498.41,Rating: ⭐ 4.1 / 5,3 Colors,Size: L,Gender: Unisex
Pants 304,$445.61,Rating: ⭐ 3.4 / 5,3 Colors,Size: XL,Gender: Men
Outerwear 305,$395.34,Rating: ⭐ 4.5 / 5,3 Colors,Size: XXL,Gender: Women
Jacket 306,$473.44,Rating: ⭐ 4.2 / 5,3 Colors,Size: S,Gender: Unisex
Crewneck 307,$483.45,Rating: ⭐ 3.7 / 5,3 Colors,Size: M,Gender: Men
T-shirt 308,$255.38,Rating: ⭐ 4.1 / 5,3 Colors,Size: L,Gender: Women
Hoodie 309,$247.07,Rating: ⭐ 4.8 / 5,3 Colors,Size: XL,Gender: Unisex
Pants 310,$395.58,Rating: ⭐ 4.7 / 5,3 Colors,Size: XXL,Gender: Men
Unknown Product,$100.00,Rating: ⭐ Invalid Rating / 5,5 Colors,Size: M,Gender: Men
Jacket 312,$454.19,Rating: ⭐ 3.8 / 5,3 Colors,Size: M,Gender: Unisex
Crewneck 313,$121.77,Rating: ⭐ 3.1 / 5,3 Colors,Size: L,Gender: Men
T-shirt 314,$376.07,Rating: ⭐ 3.2 / 5,3 Colors,Size: XL,Gender: Women
Hoodie 315,$438.93,Rating: ⭐ 3.1 / 5,3 Colors,Size: XXL,Gender: Unisex
Pants 316,,Rating: Not Rated,8 Colors,Size: S,Gender: Men
Outerwear 317,$328.69,Rating: ⭐ 3.3 / 5,3 Colors,Size: M,Gender: Women
Jacket 318,$354.20,Rating: ⭐ 3.7 / 5,3 Colors,Size: L,Gender: Unisex
Crewneck 319,$192.87,Rating: ⭐ 3.3 / 5,3 Colors,Size: XL,Gender: Men
T-shirt 320,$51.84,Rating: ⭐ 3.3 / 5,3 Colors,Size: XXL,Gender: Women
Unknown Product,$100.00,Rating: ⭐ Invalid Rating / 5,5 Colors,Size: M,Gender: Men
Pants 322,$488.15,Rating: ⭐ 3.2 / 5,3 Colors,Size: M,Gender: Men
Outerwear 323,$529.25,Rating: ⭐ 3.1 / 5,3 Colors,Size: L,Gender: Women
Jacket 324,$380.17,Rating: ⭐ 3.3 / 5,3 Colors,Size: XL,Gender: Unisex
Crewneck 325,$187.61,Rating: ⭐ 3.4 / 5,3 Colors,Size: XXL,Gender: Men
T-shirt 326,$282.46,Rating: ⭐ 4.9 / 5,3 Colors,Size: S,Gender: Women
Hoodie 327,$415.09,Rating: ⭐ 4.4 / 5,3 Colors,Size: M,Gender: Unisex
Pants 328,$358.31,Rating: ⭐ 4.5 / 5,3 Colors,Size: L,Gender: Men
Outerwear 329,$420.26,Rating: ⭐ 4.7 / 5,3 Colors,Size: XL,Gender: Women
Jacket 330,$99.45,Rating: ⭐ 4.3 / 5,3 Colors,Size: XXL,Gender: Unisex
Unknown Product,$100.00,Rating: ⭐ Invalid Rating / 5,5 Colors,Size: M,Gender: Men
T-shirt 332,$145.98,Rating: ⭐ 3.4 / 5,3 Colors,Size: M,Gender: Women
Hoodie 333,$109.13,Rating: ⭐ 4.8 / 5,3 Colors,Size: L,Gender: Unisex
Pants 334,$150.59,Rating: ⭐ 3.8 / 5,3 Colors,Size: XL,Gender: Men
Outerwear 335,$176.67,Rating: ⭐ 3.0 / 5,3 Colors,Size: XXL,Gender: Women
Jacket 336,$389.86,Rating: ⭐ 5.0 / 5,3 Colors,Size: S,Gender: Unisex
Crewneck 337,$538.05,Rating: ⭐ 4.3 / 5,3 Colors,Size: M,Gender: Men
T-shirt 338,$180.21,Rating: ⭐ 3.9 / 5,3 Colors,Size: L,Gender: Women
Hoodie 339,$276.55,Rating: ⭐ 4.9 / 5,3 Colors,Size: XL,Gender: Unisex
Pants 340,$373.45,Rating: ⭐ 4.3 / 5,3 Colors,Size: XXL,Gender: Men
Unknown Product,$100.00,Rating: ⭐ Invalid Rating / 5,5 Colors,Size: M,Gender: Men
Jacket 342,$114.23,Rating: ⭐ 4.8 / 5,3 Colors,Size: M,Gender: Unisex
Crewneck 343,$142.44,Rating: ⭐ 4.1 / 5,3 Colors,Size: L,Gender: Men
T-shirt 344,$213.48,Rating: ⭐ 4.5 / 5,3 Colors,Size: XL,Gender: Women
Hoodie 345,$473.59,Rating: ⭐ 3.3 / 5,3 Colors,Size: XXL,Gender: Unisex
Pants 346,,Rating: Not Rated,8 Colors,Size: S,Gender: Men
Outerwear 347,$436.63,Rating: ⭐ 4.7 / 5,3 Colors,Size: M,Gender: Women
Jacket 348,$199.69,Rating: ⭐ 4.6 / 5,3 Colors,Size: L,Gender: Unisex
Crewneck 349,$380.35,Rating: ⭐ 3.5 / 5,3 Colors,Size: XL,Gender: Men
T-shirt 350,$502.98,Rating: ⭐ 5.0 / 5,3 Colors,Size: XXL,Gender: Women
Unknown Product,$100.00,Rating: ⭐ Invalid Rating / 5,5 Colors,Size: M,Gender: Men
Pants 352,$177.43,Rating: ⭐ 4.0 / 5,3 Colors,Size: M,Gender: Men
Outerwear 353,$60.10,Rating: ⭐ 3.6 / 5,3 Colors,Size: L,Gender: Women
Jacket 354,$143.42,Rating: ⭐ 3.8 / 5,3 Colors,Size: XL,Gender: Unisex
Crewneck 355,$265.41,Rating: ⭐ 3.2 / 5,3 Colors,Size: XXL,Gender: Men
T-shirt 356,$446.88,Rating: ⭐ 4.3 / 5,3 Colors,Size: S,Gender: Women
Hoodie 357,$233.71,Rating: ⭐ 3.6 / 5,3 Colors,Size: M,Gender: Unisex
Pants 358,$529.97,Rating: ⭐ 3.9 / 5,3 Colors,Size: L,Gender: Men
Outerwear 359,$106.03,Rating: ⭐ 4.3 / 5,3 Colors,Size: XL,Gender: Women
Jacket 360,$549.27,Rating: ⭐ 4.8 / 5,3 Colors,Size: XXL,Gender: Unisex
Unknown Product,$100.00,Rating: ⭐ Invalid Rating / 5,5 Colors,Size: M,Gender: Men
T-shirt 362,$298.55,Rating: ⭐ 5.0 / 5,3 Colors,Size: M,Gender: Women
Hoodie 363,$73.21,Rating: ⭐ 3.2 / 5,3 Colors,Size: L,Gender: Unisex
Pants 364,$310.80,Rating: ⭐ 4.8 / 5,3 Colors,Size: XL,Gender: Men
Outerwear 365,$434.78,Rating: ⭐ 4.5 / 5,3 Colors,Size: XXL,Gender: Women
Jacket 366,$365.93,Rating: ⭐ 4.9 / 5,3 Colors,Size: S,Gender: Unisex
Crewneck 367,$522.46,Rating: ⭐ 4.9 / 5,3 Colors,Size: M,Gender: Men
T-shirt 368,$60.32,Rating: ⭐ 3.2 / 5,3 Colors,Size: L,Gender: Women
Hoodie 369,$450.31,Rating: ⭐ 4.7 / 5,3 Colors,Size: XL,Gender: Unisex
Pants 370,$284.98,Rating: ⭐ 3.6 / 5,3 Colors,Size: XXL,Gender: Men
Unknown Product,$100.00,Rating: ⭐ Invalid Rating / 5,5 Colors,Size: M,Gender: Men
Jacket 372,$315.81,Rating: ⭐ 3.6 / 5,3 Colors,Size: M,Gender: Unisex
Crewneck 373,$139.44,Rating: ⭐ 3.6 / 5,3 Colors,Size: L,Gender: Men
T-shirt 374,$481.07,Rating: ⭐ 3.9 / 5,3 Colors,Size: XL,Gender: Women
Hoodie 375,$439.22,Rating: ⭐ 3.9 / 5,3 Colors,Size: XXL,Gender: Unisex
Pants 376,,Rating: Not Rated,8 Colors,Size: S,Gender: Men
Outerwear 377,$425.13,Rating: ⭐ 4.8 / 5,3 Colors,Size: M,Gender: Women
Jacket 378,$212.65,Rating: ⭐ 3.6 / 5,3 Colors,Size: L,Gender: Unisex
Crewneck 379,$247.70,Rating: ⭐ 4.4 / 5,3 Colors,Size: XL,Gender: Men
T-shirt 380,$159.19,Rating: ⭐ 3.8 / 5,3 Colors,Size: XXL,Gender: Women
Unknown Product,$100.00,Rating: ⭐ Invalid Rating / 5,5 Colors,Size: M,Gender: Men
Pants 382,$84.76,Rating: ⭐ 4.4 / 5,3 Colors,Size: M,Gender: Men
Outerwear 383,$214.44,Rating: ⭐ 3.4 / 5,3 Colors,Size: L,Gender: Women
Jacket 384,$90.81,Rating: ⭐ 3.3 / 5,3 Colors,Size: XL,Gender: Unisex
Crewneck 385,$496.92,Rating: ⭐ 4.9 / 5,3 Colors,Size: XXL,Gender: Men
T-shirt 386,$299.60,Rating: ⭐ 4.6 / 5,3 Colors,Size: S,Gender: Women
Hoodie 387,$526.13,Rating: ⭐ 4.2 / 5,3 Colors,Size: M,Gender: Unisex
Pants 388,$58.20,Rating: ⭐ 3.1 / 5,3 Colors,Size: L,Gender: Men
Outerwear 389,$180.20,Rating: ⭐ 5.0 / 5,3 Colors,Size: XL,Gender: Women
Jacket 390,$339.56,Rating: ⭐ 3.3 / 5,3 Colors,Size: XXL,Gender: Unisex
Unknown Product,$100.00,Rating: ⭐ Invalid Rating / 5,5 Colors,Size: M,Gender: Men
T-shirt 392,$76.63,Rating: ⭐ 4.4 / 5,3 Colors,Size: M,Gender: Women
Hoodie 393,$254.28,Rating: ⭐ 3.2 / 5,3 Colors,Size: L,Gender: Unisex
Pants 394,$221.25,Rating: ⭐ 3.3 / 5,3 Colors,Size: XL,Gender: Men
Outerwear 395,$193.67,Rating: ⭐ 4.0 / 5,3 Colors,Size: XXL,Gender: Women
Jacket 396,$156.58,Rating: ⭐ 3.9 / 5,3 Colors,Size: S,Gender: Unisex
Crewneck 397,$53.46,Rating: ⭐ 3.6 / 5,3 Colors,Size: M,Gender: Men
T-shirt 398,$287.05,Rating: ⭐ 4.7 / 5,3 Colors,Size: L,Gender: Women
Hoodie 399,$157.72,Rating: ⭐ 3.6 / 5,3 Colors,Size: XL,Gender: Unisex
Pants 400,$376.29,Rating: ⭐ 4.7 / 5,3 Colors,Size: XXL,Gender: Men
Unknown Product,$100.00,Rating: ⭐ Invalid Rating / 5,5 Colors,Size: M,Gender: Men
Jacket 402,$126.82,Rating: ⭐ 4.6 / 5,3 Colors,Size: M,Gender: Unisex
Crewneck 403,$98.77,Rating: ⭐ 4.1 / 5,3 Colors,Size: L,Gender: Men
T-shirt 404,$218.82,Rating: ⭐ 4.9 / 5,3 Colors,Size: XL,Gender: Women
Hoodie 405,$317.51,Rating: ⭐ 3.8 / 5,3 Colors,Size: XXL,Gender: Unisex
Pants 406,,Rating: Not Rated,8 Colors,Size: S,Gender: Men
Outerwear 407,$172.58,Rating: ⭐ 3.7 / 5,3 Colors,Size: M,Gender: Women
Jacket 408,$261.00,Rating: ⭐ 4.9 / 5,3 Colors,Size: L,Gender: Unisex
Crewneck 409,$201.36,Rating: ⭐ 3.5 / 5,3 Colors,Size: XL,Gender: Men
T-shirt 410,$99.17,Rating: ⭐ 3.1 / 5,3 Colors,Size: XXL,Gender: Women
Unknown Product,$100.00,Rating: ⭐ Invalid Rating / 5,5 Colors,Size: M,Gender: Men
Pants 412,$339.89,Rating: ⭐ 4.4 / 5,3 Colors,Size: M,Gender: Men
Outerwear 413,$81.65,Rating: ⭐ 3.4 / 5,3 Colors,Size: L,Gender: Women
Jacket 414,$139.67,Rating: ⭐ 3.7 / 5,3 Colors,Size: XL,Gender: Unisex
Crewneck 415,$226.09,Rating: ⭐ 3.1 / 5,3 Colors,Size: XXL,Gender: Men
T-shirt 416,$278.38,Rating: ⭐ 3.1 / 5,3 Colors,Size: S,Gender: Women
Hoodie 417,$173.09,Rating: ⭐ 4.6 / 5,3 Colors,Size: M,Gender: Unisex
Pants 418,$394.24,Rating: ⭐ 5.0 / 5,3 Colors,Size: L,Gender: Men
Outerwear 419,$437.75,Rating: ⭐ 5.0 / 5,3 Colors,Size: XL,Gender: Women
Jacket 420,$154.54,Rating: ⭐ 3.1 / 5,3 Colors,Size: XXL,Gender: Unisex
Unknown Product,$100.00,Rating: ⭐ Invalid Rating / 5,5 Colors,Size: M,Gender: Men
T-shirt 422,$57.77,Rating: ⭐ 3.9 / 5,3 Colors,Size: M,Gender: Women
Hoodie 423,$287.61,Rating: ⭐ 3.7 / 5,3 Colors,Size: L,Gender: Unisex
Pants 424,$241.61,Rating: ⭐ 4.4 / 5,3 Colors,Size: XL,Gender: Men
Outerwear 425,$158.03,Rating: ⭐ 4.8 / 5,3 Colors,Size: XXL,Gender: Women
Jacket 426,$216.40,Rating: ⭐ 3.4 / 5,3 Colors,Size: S,Gender: Unisex
Crewneck 427,$398.45,Rating: ⭐ 3.3 / 5,3 Colors,Size: M,Gender: Men
T-shirt 428,$440.82,Rating: ⭐ 4.9 / 5,3 Colors,Size: L,Gender: Women
Hoodie 429,$103.66,Rating: ⭐ 4.9 / 5,3 Colors,Size: XL,Gender: Unisex
Pants 430,$90.13,Rating: ⭐ 3.9 / 5,3 Colors,Size: XXL,Gender: Men
Unknown Product,$100.00,Rating: ⭐ Invalid Rating / 5,5 Colors,Size: M,Gender: Men
Jacket 432,$134.49,Rating: ⭐ 4.5 / 5,3 Colors,Size: M,Gender: Unisex
Crewneck 433,$242.03,Rating: ⭐ 4.2 / 5,3 Colors,Size: L,Gender: Men
T-shirt 434,$409.82,Rating: ⭐ 4.9 / 5,3 Colors,Size: XL,Gender: Women
Hoodie 435,$63.48,Rating: ⭐ 4.0 / 5,3 Colors,Size: XXL,Gender: Unisex
Pants 436,,Rating: Not Rated,8 Colors,Size: S,Gender: Men
Outerwear 437,$63.55,Rating: ⭐ 3.9 / 5,3 Colors,Size: M,Gender: Women
Jacket 438,$153.32,Rating: ⭐ 4.5 / 5,3 Colors,Size: L,Gender: Unisex
Crewneck 439,$250.34,Rating: ⭐ 3.2 / 5,3 Colors,Size: XL,Gender: Men
T-shirt 440,$332.88,Rating: ⭐ 3.0 / 5,3 Colors,Size: XXL,Gender: Women
Unknown Product,$100.00,Rating: ⭐ Invalid Rating / 5,5 Colors,Size: M,Gender: Men
Pants 442,$293.85,Rating: ⭐ 4.3 / 5,3 Colors,Size: M,Gender: Men
Outerwear 443,$453.92,Rating: ⭐ 4.2 / 5,3 Colors,Size: L,Gender: Women
Jacket 444,$251.06,Rating: ⭐ 3.3 / 5,3 Colors,Size: XL,Gender: Unisex
Crewneck 445,$223.39,Rating: ⭐ 4.5 / 5,3 Colors,Size: XXL,Gender: Men
T-shirt 446,$483.76,Rating: ⭐ 3.2 / 5,3 Colors,Size: S,Gender: Women
Hoodie 447,$296.79,Rating: ⭐ 4.0 / 5,3 Colors,Size: M,Gender: Unisex
Pants 448,$51.26,Rating: ⭐ 4.4 / 5,3 Colors,Size: L,Gender: Men
Outerwear 449,$400.63,Rating: ⭐ 4.0 / 5,3 Colors,Size: XL,Gender: Women
Jacket 450,$547.18,Rating: ⭐ 3.1 / 5,3 Colors,Size: XXL,Gender: Unisex
Unknown Product,$100.00,Rating: ⭐ Invalid Rating / 5,5 Colors,Size: M,Gender: Men
T-shirt 452,$430.80,Rating: ⭐ 4.4 / 5,3 Colors,Size: M,Gender: Women
Hoodie 453,$411.06,Rating: ⭐ 4.2 / 5,3 Colors,Size: L,Gender: Unisex
Pants 454,$136.22,Rating: ⭐ 5.0 / 5,3 Colors,Size: XL,Gender: Men
Outerwear 455,$68.38,Rating: ⭐ 4.8 / 5,3 Colors,Size: XXL,Gender: Women
Jacket 456,$506.00,Rating: ⭐ 4.1 / 5,3 Colors,Size: S,Gender: Unisex
Crewneck 457,$458.93,Rating: ⭐ 4.8 / 5,3 Colors,Size: M,Gender: Men
T-shirt 458,$265.00,Rating: ⭐ 4.4 / 5,3 Colors,Size: L,Gender: Women
Hoodie 459,$202.33,Rating: ⭐ 3.5 / 5,3 Colors,Size: XL,Gender: Unisex
Pants 460,$117.55,Rating: ⭐ 3.6 / 5,3 Colors,Size: XXL,Gender: Men
Unknown Product,$100.00,Rating: ⭐ Invalid Rating / 5,5 Colors,Size: M,Gender: Men
Jacket 462,$422.99,Rating: ⭐ 4.5 / 5,3 Colors,Size: M,Gender: Unisex
Crewneck 463,$471.22,Rating: ⭐ 4.5 / 5,3 Colors,Size: L,Gender: Men
T-shirt 464,$379.38,Rating: ⭐ 4.5 / 5,3 Colors,Size: XL,Gender: Women
Hoodie 465,$385.27,Rating: ⭐ 4.7 / 5,3 Colors,Size: XXL,Gender: Unisex
Pants 466,,Rating: Not Rated,8 Colors,Size: S,Gender: Men
Outerwear 467,$82.87,Rating: ⭐ 3.5 / 5,3 Colors,Size: M,Gender: Women
Jacket 468,$286.56,Rating: ⭐ 3.7 / 5,3 Colors,Size: L,Gender: Unisex
Crewneck 469,$108.68,Rating: ⭐ 4.2 / 5,3 Colors,Size: XL,Gender: Men
T-shirt 470,$483.68,Rating: ⭐ 3.1 / 5,3 Colors,Size: XXL,Gender: Women
Unknown Product,$100.00,Rating: ⭐ Invalid Rating / 5,5 Colors,Size: M,Gender: Men
Pants 472,$243.88,Rating: ⭐ 3.1 / 5,3 Colors,Size: M,Gender: Men
Outerwear 473,$342.38,Rating: ⭐ 4.2 / 5,3 Colors,Size: L,Gender: Women
Jacket 474,$366.56,Rating: ⭐ 4.7 / 5,3 Colors,Size: XL,Gender: Unisex
Crewneck 475,$438.58,Rating: ⭐ 4.6 / 5,3 Colors,Size: XXL,Gender: Men
T-shirt 476,$249.14,Rating: ⭐ 4.3 / 5,3 Colors,Size: S,Gender: Women
Hoodie 477,$414.13,Rating: ⭐ 4.2 / 5,3 Colors,Size: M,Gender: Unisex
Pants 478,$307.00,Rating: ⭐ 3.8 / 5,3 Colors,Size: L,Gender: Men
Outerwear 479,$456.40,Rating: ⭐ 4.4 / 5,3 Colors,Size: XL,Gender: Women
Jacket 480,$311.64,Rating: ⭐ 4.2 / 5,3 Colors,Size: XXL,Gender: Unisex
Unknown Product,$100.00,Rating: ⭐ Invalid Rating / 5,5 Colors,Size: M,Gender: Men
T-shirt 482,$209.53,Rating: ⭐ 4.8 / 5,3 Colors,Size: M,Gender: Women
Hoodie 483,$252.19,Rating: ⭐ 4.2 / 5,3 Colors,Size: L,Gender: Unisex
Pants 484,$401.79,Rating: ⭐ 4.1 / 5,3 Colors,Size: XL,Gender: Men
Outerwear 485,$252.78,Rating: ⭐ 4.7 / 5,3 Colors,Size: XXL,Gender: Women
Jacket 486,$160.86,Rating: ⭐ 3.0 / 5,3 Colors,Size: S,Gender: Unisex
Crewneck 487,$434.72,Rating: ⭐ 3.7 / 5,3 Colors,Size: M,Gender: Men
T-shirt 488,$549.36,Rating: ⭐ 3.8 / 5,3 Colors,Size: L,Gender: Women
Hoodie 489,$222.16,Rating: ⭐ 5.0 / 5,3 Colors,Size: XL,Gender: Unisex
Pants 490,$442.60,Rating: ⭐ 3.1 / 5,3 Colors,Size: XXL,Gender: Men
Unknown Product,$100.00,Rating: ⭐ Invalid Rating / 5,5 Colors,Size: M,Gender: Men
Jacket 492,$375.74,Rating: ⭐ 3.0 / 5,3 Colors,Size: M,Gender: Unisex
Crewneck 493,$316.97,Rating: ⭐ 4.8 / 5,3 Colors,Size: L,Gender: Men
T-shirt 494,$86.88,Rating: ⭐ 3.4 / 5,3 Colors,Size: XL,Gender: Women
Hoodie 495,$103.95,Rating: ⭐ 4.5 / 5,3 Colors,Size: XXL,Gender: Unisex
Pants 496,,Rating: Not Rated,8 Colors,Size: S,Gender: Men
Outerwear 497,$247.36,Rating: ⭐ 4.4 / 5,3 Colors,Size: M,Gender: Women
Jacket 498,$275.80,Rating: ⭐ 4.6 / 5,3 Colors,Size: L,Gender: Unisex
Crewneck 499,$489.12,Rating: ⭐ 4.1 / 5,3 Colors,Size: XL,Gender: Men
T-shirt 500,$507.15,Rating: ⭐ 4.2 / 5,3 Colors,Size: XXL,Gender: Women
Unknown Product,$100.00,Rating: ⭐ Invalid Rating / 5,5 Colors,Size: M,Gender: Men
Pants 502,$445.78,Rating: ⭐ 4.4 / 5,3 Colors,Size: M,Gender: Men
Outerwear 503,$307.78,Rating: ⭐ 4.8 / 5,3 Colors,Size: L,Gender: Women
Jacket 504,$501.53,Rating: ⭐ 5.0 / 5,3 Colors,Size: XL,Gender: Unisex
Crewneck 505,$546.73,Rating: ⭐ 4.3 / 5,3 Colors,Size: XXL,Gender: Men
T-shirt 506,$535.75,Rating: ⭐ 3.6 / 5,3 Colors,Size: S,Gender: Women
Hoodie 507,$427.75,Rating: ⭐ 4.7 / 5,3 Colors,Size: M,Gender: Unisex
Pants 508,$485.38,Rating: ⭐ 3.5 / 5,3 Colors,Size: L,Gender: Men
Outerwear 509,$448.65,Rating: ⭐ 3.1 / 5,3 Colors,Size: XL,Gender: Women
Jacket 510,$97.63,Rating: ⭐ 3.4 / 5,3 Colors,Size: XXL,Gender: Unisex
Unknown Product,$100.00,Rating: ⭐ Invalid Rating / 5,5 Colors,Size: M,Gender: Men
T-shirt 512,$269.98,Rating: ⭐ 3.7 / 5,3 Colors,Size: M,Gender: Women
Hoodie 513,$105.86,Rating: ⭐ 4.4 / 5,3 Colors,Size: L,Gender: Unisex
Pants 514,$430.56,Rating: ⭐ 3.9 / 5,3 Colors,Size: XL,Gender: Men
Outerwear 515,$453.91,Rating: ⭐ 3.1 / 5,3 Colors,Size: XXL,Gender: Women
Jacket 516,$445.67,Rating: ⭐ 3.4 / 5,3 Colors,Size: S,Gender: Unisex
Crewneck 517,$66.83,Rating: ⭐ 3.5 / 5,3 Colors,Size: M,Gender: Men
T-shirt 518,$160.98,Rating: ⭐ 4.1 / 5,3 Colors,Size: L,Gender: Women
Hoodie 519,$139.76,Rating: ⭐ 4.5 / 5,3 Colors,Size: XL,Gender: Unisex
Pants 520,$144.27,Rating: ⭐ 3.8 / 5,3 Colors,Size: XXL,Gender: Men
Unknown Product,$100.00,Rating: ⭐ Invalid Rating / 5,5 Colors,Size: M,Gender: Men
Jacket 522,$393.31,Rating: ⭐ 4.0 / 5,3 Colors,Size: M,Gender: Unisex
Crewneck 523,$226.67,Rating: ⭐ 4.6 / 5,3 Colors,Size: L,Gender: Men
T-shirt 524,$58.50,Rating: ⭐ 3.8 / 5,3 Colors,Size: XL,Gender: Women
Hoodie 525,$494.94,Rating: ⭐ 3.6 / 5,3 Colors,Size: XXL,Gender: Unisex
Pants 526,,Rating: Not Rated,8 Colors,Size: S,Gender: Men
Outerwear 527,$291.83,Rating: ⭐ 3.6 / 5,3 Colors,Size: M,Gender: Women
Jacket 528,$349.74,Rating: ⭐ 4.0 / 5,3 Colors,Size: L,Gender: Unisex
Crewneck 529,$88.76,Rating: ⭐ 3.2 / 5,3 Colors,Size: XL,Gender: Men
T-shirt 530,$385.86,Rating: ⭐ 3.3 / 5,3 Colors,Size: XXL,Gender: Women
Unknown Product,$100.00,Rating: ⭐ Invalid Rating / 5,5 Colors,Size: M,Gender: Men
Pants 532,$524.45,Rating: ⭐ 4.1 / 5,3 Colors,Size: M,Gender: Men
Outerwear 533,$210.64,Rating: ⭐ 4.2 / 5,3 Colors,Size: L,Gender: Women
Jacket 534,$217.45,Rating: ⭐ 3.7 / 5,3 Colors,Size: XL,Gender: Unisex
Crewneck 535,$243.83,Rating: ⭐ 3.7 / 5,3 Colors,Size: XXL,Gender: Men
T-shirt 536,$318.28,Rating: ⭐ 3.0 / 5,3 Colors,Size: S,Gender: Women
Hoodie 537,$541.99,Rating: ⭐ 3.1 / 5,3 Colors,Size: M,Gender: Unisex
Pants 538,$383.39,Rating: ⭐ 3.4 / 5,3 Colors,Size: L,Gender: Men
Outerwear 539,$293.29,Rating: ⭐ 4.7 / 5,3 Colors,Size: XL,Gender: Women
Jacket 540,$440.74,Rating: ⭐ 4.4 / 5,3 Colors,Size: XXL,Gender: Unisex
Unknown Product,$100.00,Rating: ⭐ Invalid Rating / 5,5 Colors,Size: M,Gender: Men
T-shirt 542,$297.59,Rating: ⭐ 3.5 / 5,3 Colors,Size: M,Gender: Women
Hoodie 543,$544.73,Rating: ⭐ 4.7 / 5,3 Colors,Size: L,Gender: Unisex
Pants 544,$372.36,Rating: ⭐ 3.1 / 5,3 Colors,Size: XL,Gender: Men
Outerwear 545,$223.71,Rating: ⭐ 4.0 / 5,3 Colors,Size: XXL,Gender: Women
Jacket 546,$391.97,Rating: ⭐ 3.3 / 5,3 Colors,Size: S,Gender: Unisex
Crewneck 547,$335.07,Rating: ⭐ 3.9 / 5,3 Colors,Size: M,Gender: Men
T-shirt 548,$167.89,Rating: ⭐ 4.6 / 5,3 Colors,Size: L,Gender: Women
Hoodie 549,$167.95,Rating: ⭐ 3.7 / 5,3 Colors,Size: XL,Gender: Unisex
Pants 550,$278.13,Rating: ⭐ 4.9 / 5,3 Colors,Size: XXL,Gender: Men
Unknown Product,$100.00,Rating: ⭐ Invalid Rating / 5,5 Colors,Size: M,Gender: Men
Jacket 552,$336.27,Rating: ⭐ 4.1 / 5,3 Colors,Size: M,Gender: Unisex
Crewneck 553,$485.05,Rating: ⭐ 3.8 / 5,3 Colors,Size: L,Gender: Men
T-shirt 554,$250.07,Rating: ⭐ 4.5 / 5,3 Colors,Size: XL,Gender: Women
Hoodie 555,$113.10,Rating: ⭐ 3.0 / 5,3 Colors,Size: XXL,Gender: Unisex
Pants 556,,Rating: Not Rated,8 Colors,Size: S,Gender: Men
Outerwear 557,$341.28,Rating: ⭐ 3.4 / 5,3 Colors,Size: M,Gender: Women
Jacket 558,$312.94,Rating: ⭐ 4.0 / 5,3 Colors,Size: L,Gender: Unisex
Crewneck 559,$99.43,Rating: ⭐ 3.5 / 5,3 Colors,Size: XL,Gender: Men
T-shirt 560,$430.33,Rating: ⭐ 4.2 / 5,3 Colors,Size: XXL,Gender: Women
Unknown Product,$100.00,Rating: ⭐ Invalid Rating / 5,5 Colors,Size: M,Gender: Men
Pants 562,$232.76,Rating: ⭐ 4.5 / 5,3 Colors,Size: M,Gender: Men
Outerwear 563,$512.34,Rating: ⭐ 4.7 / 5,3 Colors,Size: L,Gender: Women
Jacket 564,$519.95,Rating: ⭐ 4.3 / 5,3 Colors,Size: XL,Gender: Unisex
Crewneck 565,$477.20,Rating: ⭐ 3.5 / 5,3 Colors,Size: XXL,Gender: Men
T-shirt 566,$163.21,Rating: ⭐ 4.6 / 5,3 Colors,Size: S,Gender: Women
Hoodie 567,$286.01,Rating: ⭐ 3.2 / 5,3 Colors,Size: M,Gender: Unisex
Pants 568,$186.51,Rating: ⭐ 3.3 / 5,3 Colors,Size: L,Gender: Men
Outerwear 569,$310.43,Rating: ⭐ 4.7 / 5,3 Colors,Size: XL,Gender: Women
Jacket 570,$250.06,Rating: ⭐ 3.9 / 5,3 Colors,Size: XXL,Gender: Unisex
Unknown Product,$100.00,Rating: ⭐ Invalid Rating / 5,5 Colors,Size: M,Gender: Men
T-shirt 572,$297.27,Rating: ⭐ 3.2 / 5,3 Colors,Size: M,Gender: Women
Hoodie 573,$434.63,Rating: ⭐ 4.5 / 5,3 Colors,Size: L,Gender: Unisex
Pants 574,$151.50,Rating: ⭐ 3.8 / 5,3 Colors,Size: XL,Gender: Men
Outerwear 575,$219.86,Rating: ⭐ 3.4 / 5,3 Colors,Size: XXL,Gender: Women
Jacket 576,$50.35,Rating: ⭐ 3.5 / 5,3 Colors,Size: S,Gender: Unisex
Crewneck 577,$492.12,Rating: ⭐ 3.3 / 5,3 Colors,Size: M,Gender: Men
T-shirt 578,$497.43,Rating: ⭐ 4.1 / 5,3 Colors,Size: L,Gender: Women
Hoodie 579,$276.79,Rating: ⭐ 4.4 / 5,3 Colors,Size: XL,Gender: Unisex
Pants 580,$164.09,Rating: ⭐ 3.3 / 5,3 Colors,Size: XXL,Gender: Men
Unknown Product,$100.00,Rating: ⭐ Invalid Rating / 5,5 Colors,Size: M,Gender: Men
Jacket 582,$257.01,Rating: ⭐ 4.1 / 5,3 Colors,Size: M,Gender: Unisex
Crewneck 583,$358.61,Rating: ⭐ 4.5 / 5,3 Colors,Size: L,Gender: Men
T-shirt 584,$435.31,Rating: ⭐ 4.8 / 5,3 Colors,Size: XL,Gender: Women
Hoodie 585,$386.68,Rating: ⭐ 4.9 / 5,3 Colors,Size: XXL,Gender: Unisex
Pants 586,,Rating: Not Rated,8 Colors,Size: S,Gender: Men
Outerwear 587,$276.56,Rating: ⭐ 4.4 / 5,3 Colors,Size: M,Gender: Women
Jacket 588,$310.19,Rating: ⭐ 4.7 / 5,3 Colors,Size: L,Gender: Unisex
Crewneck 589,$58.24,Rating: ⭐ 4.7 / 5,3 Colors,Size: XL,Gender: Men
T-shirt 590,$403.57,Rating: ⭐ 3.9 / 5,3 Colors,Size: XXL,Gender: Women
Unknown Product,$100.00,Rating: ⭐ Invalid Rating / 5,5 Colors,Size: M,Gender: Men
Pants 592,$425.34,Rating: ⭐ 4.3 / 5,3 Colors,Size: M,Gender: Men
Outerwear 593,$447.74,Rating: ⭐ 3.9 / 5,3 Colors,Size: L,Gender: Women
Jacket 594,$544.23,Rating: ⭐ 4.2 / 5,3 Colors,Size: XL,Gender: Unisex
Crewneck 595,$232.74,Rating: ⭐ 3.5 / 5,3 Colors,Size: XXL,Gender: Men
T-shirt 596,$518.15,Rating: ⭐ 4.4 / 5,3 Colors,Size: S,Gender: Women
Hoodie 597,$498.09,Rating: ⭐ 3.3 / 5,3 Colors,Size: M,Gender: Unisex
Pants 598,$294.63,Rating: ⭐ 4.1 / 5,3 Colors,Size: L,Gender: Men
Outerwear 599,$73.69,Rating: ⭐ 3.3 / 5,3 Colors,Size: XL,Gender: Women
Jacket 600,$400.88,Rating: ⭐ 3.0 / 5,3 Colors,Size: XXL,Gender: Unisex
Unknown Product,$100.00,Rating: ⭐ Invalid Rating / 5,5 Colors,Size: M,Gender: Men
T-shirt 602,$141.31,Rating: ⭐ 4.4 / 5,3 Colors,Size: M,Gender: Women
Hoodie 603,$469.47,Rating: ⭐ 3.1 / 5,3 Colors,Size: L,Gender: Unisex
Pants 604,$478.89,Rating: ⭐ 4.3 / 5,3 Colors,Size: XL,Gender: Men
Outerwear 605,$106.92,Rating: ⭐ 3.7 / 5,3 Colors,Size: XXL,Gender: Women
Jacket 606,$360.67,Rating: ⭐ 4.6 / 5,3 Colors,Size: S,Gender: Unisex
Crewneck 607,$241.10,Rating: ⭐ 3.1 / 5,3 Colors,Size: M,Gender: Men
T-shirt 608,$440.49,Rating: ⭐ 4.6 / 5,3 Colors,Size: L,Gender: Women
Hoodie 609,$184.77,Rating: ⭐ 4.1 / 5,3 Colors,Size: XL,Gender: Unisex
Pants 610,$282.21,Rating: ⭐ 3.3 / 5,3 Colors,Size: XXL,Gender: Men
Unknown Product,$100.00,Rating: ⭐ Invalid Rating / 5,5 Colors,Size: M,Gender: Men
Jacket 612,$200.17,Rating: ⭐ 3.1 / 5,3 Colors,Size: M,Gender: Unisex
Crewneck 613,$63.37,Rating: ⭐ 3.6 / 5,3 Colors,Size: L,Gender: Men
T-shirt 614,$151.76,Rating: ⭐ 3.1 / 5,3 Colors,Size: XL,Gender: Women
Hoodie 615,$299.92,Rating: ⭐ 4.8 / 5,3 Colors,Size: XXL,Gender: Unisex
Pants 616,,Rating: Not Rated,8 Colors,Size: S,Gender: Men
Outerwear 617,$110.37,Rating: ⭐ 4.3 / 5,3 Colors,Size: M,Gender: Women
Jacket 618,$404.63,Rating: ⭐ 3.3 / 5,3 Colors,Size: L,Gender: Unisex
Crewneck 619,$521.29,Rating: ⭐ 4.4 / 5,3 Colors,Size: XL,Gender: Men
T-shirt 620,$141.89,Rating: ⭐ 3.3 / 5,3 Colors,Size: XXL,Gender: Women
Unknown Product,$100.00,Rating: ⭐ Invalid Rating / 5,5 Colors,Size: M,Gender: Men
Pants 622,$303.10,Rating: ⭐ 3.5 / 5,3 Colors,Size: M,Gender: Men
Outerwear 623,$456.22,Rating: ⭐ 4.6 / 5,3 Colors,Size: L,Gender: Women
Jacket 624,$433.95,Rating: ⭐ 3.9 / 5,3 Colors,Size: XL,Gender: Unisex
Crewneck 625,$489.15,Rating: ⭐ 4.1 / 5,3 Colors,Size: XXL,Gender: Men
T-shirt 626,$486.09,Rating: ⭐ 4.5 / 5,3 Colors,Size: S,Gender: Women
Hoodie 627,$77.02,Rating: ⭐ 3.2 / 5,3 Colors,Size: M,Gender: Unisex
Pants 628,$507.07,Rating: ⭐ 4.3 / 5,3 Colors,Size: L,Gender: Men
Outerwear 629,$249.87,Rating: ⭐ 4.4 / 5,3 Colors,Size: XL,Gender: Women
Jacket 630,$62.73,Rating: ⭐ 3.8 / 5,3 Colors,Size: XXL,Gender: Unisex
Unknown Product,$100.00,Rating: ⭐ Invalid Rating / 5,5 Colors,Size: M,Gender: Men
T-shirt 632,$269.64,Rating: ⭐ 3.6 / 5,3 Colors,Size: M,Gender: Women
Hoodie 633,$195.50,Rating: ⭐ 3.1 / 5,3 Colors,Size: L,Gender: Unisex
Pants 634,$533.48,Rating: ⭐ 3.9 / 5,3 Colors,Size: XL,Gender: Men
Outerwear 635,$431.07,Rating: ⭐ 4.1 / 5,3 Colors,Size: XXL,Gender: Women
Jacket 636,$217.27,Rating: ⭐ 4.5 / 5,3 Colors,Size: S,Gender: Unisex
Crewneck 637,$376.89,Rating: ⭐ 4.0 / 5,3 Colors,Size: M,Gender: Men
T-shirt 638,$326.31,Rating: ⭐ 4.6 / 5,3 Colors,Size: L,Gender: Women
Hoodie 639,$423.92,Rating: ⭐ 4.7 / 5,3 Colors,Size: XL,Gender: Unisex
Pants 640,$189.91,Rating: ⭐ 3.8 / 5,3 Colors,Size: XXL,Gender: Men
Unknown Product,$100.00,Rating: ⭐ Invalid Rating / 5,5 Colors,Size: M,Gender: Men
Jacket 642,$484.21,Rating: ⭐ 4.7 / 5,3 Colors,Size: M,Gender: Unisex
Crewneck 643,$382.25,Rating: ⭐ 3.2 / 5,3 Colors,Size: L,Gender: Men
T-shirt 644,$467.46,Rating: ⭐ 4.2 / 5,3 Colors,Size: XL,Gender: Women
Hoodie 645,$205.34,Rating: ⭐ 3.3 / 5,3 Colors,Size: XXL,Gender: Unisex
Pants 646,,Rating: Not Rated,8 Colors,Size: S,Gender: Men
Outerwear 647,$269.06,Rating: ⭐ 3.8 / 5,3 Colors,Size: M,Gender: Women
Jacket 648,$543.72,Rating: ⭐ 4.5 / 5,3 Colors,Size: L,Gender: Unisex
Crewneck 649,$536.76,Rating: ⭐ 3.2 / 5,3 Colors,Size: XL,Gender: Men
T-shirt 650,$500.80,Rating: ⭐ 3.4 / 5,3 Colors,Size: XXL,Gender: Women
Unknown Product,$100.00,Rating: ⭐ Invalid Rating / 5,5 Colors,Size: M,Gender: Men
Pants 652,$380.31,Rating: ⭐ 3.3 / 5,3 Colors,Size: M,Gender: Men
Outerwear 653,$163.88,Rating: ⭐ 4.0 / 5,3 Colors,Size: L,Gender: Women
Jacket 654,$255.59,Rating: ⭐ 4.7 / 5,3 Colors,Size: XL,Gender: Unisex
Crewneck 655,$114.64,Rating: ⭐ 4.1 / 5,3 Colors,Size: XXL,Gender: Men
T-shirt 656,$158.67,Rating: ⭐ 4.2 / 5,3 Colors,Size: S,Gender: Women
Hoodie 657,$528.69,Rating: ⭐ 4.8 / 5,3 Colors,Size: M,Gender: Unisex
Pants 658,$391.77,Rating: ⭐ 3.8 / 5,3 Colors,Size: L,Gender: Men
Outerwear 659,$113.62,Rating: ⭐ 3.3 / 5,3 Colors,Size: XL,Gender: Women
Jacket 660,$544.70,Rating: ⭐ 3.5 / 5,3 Colors,Size: XXL,Gender: Unisex
Unknown Product,$100.00,Rating: ⭐ Invalid Rating / 5,5 Colors,Size: M,Gender: Men
T-shirt 662,$88.92,Rating: ⭐ 4.5 / 5,3 Colors,Size: M,Gender: Women
Hoodie 663,$442.95,Rating: ⭐ 4.0 / 5,3 Colors,Size: L,Gender: Unisex
Pants 664,$515.54,Rating: ⭐ 3.5 / 5,3 Colors,Size: XL,Gender: Men
Outerwear 665,$252.10,Rating: ⭐ 3.2 / 5,3 Colors,Size: XXL,Gender: Women
Jacket 666,$302.75,Rating: ⭐ 3.9 / 5,3 Colors,Size: S,Gender: Unisex
Crewneck 667,$109.79,Rating: ⭐ 3.7 / 5,3 Colors,Size: M,Gender: Men
T-shirt 668,$315.29,Rating: ⭐ 3.7 / 5,3 Colors,Size: L,Gender: Women
Hoodie 669,$146.63,Rating: ⭐ 3.3 / 5,3 Colors,Size: XL,Gender: Unisex
Pants 670,$525.42,Rating: ⭐ 4.8 / 5,3 Colors,Size: XXL,Gender: Men
Unknown Product,$100.00,Rating: ⭐ Invalid Rating / 5,5 Colors,Size: M,Gender: Men
Jacket 672,$298.51,Rating: ⭐ 4.5 / 5,3 Colors,Size: M,Gender: Unisex
Crewneck 673,$175.21,Rating: ⭐ 4.7 / 5,3 Colors,Size: L,Gender: Men
T-shirt 674,$197.29,Rating: ⭐ 3.1 / 5,3 Colors,Size: XL,Gender: Women
Hoodie 675,$269.68,Rating: ⭐ 3.2 / 5,3 Colors,Size: XXL,Gender: Unisex
Pants 676,,Rating: Not Rated,8 Colors,Size: S,Gender: Men
Outerwear 677,$291.09,Rating: ⭐ 3.3 / 5,3 Colors,Size: M,Gender: Women
Jacket 678,$173.57,Rating: ⭐ 4.3 / 5,3 Colors,Size: L,Gender: Unisex
Crewneck 679,$398.32,Rating: ⭐ 3.2 / 5,3 Colors,Size: XL,Gender: Men
T-shirt 680,$510.30,Rating: ⭐ 3.2 / 5,3 Colors,Size: XXL,Gender: Women
Unknown Product,$100.00,Rating: ⭐ Invalid Rating / 5,5 Colors,Size: M,Gender: Men
Pants 682,$476.03,Rating: ⭐ 3.9 / 5,3 Colors,Size: M,Gender: Men
Outerwear 683,$244.21,Rating: ⭐ 3.6 / 5,3 Colors,Size: L,Gender: Women
Jacket 684,$443.91,Rating: ⭐ 3.5 / 5,3 Colors,Size: XL,Gender: Unisex
Crewneck 685,$93.49,Rating: ⭐ 4.6 / 5,3 Colors,Size: XXL,Gender: Men
T-shirt 686,$336.36,Rating: ⭐ 3.8 / 5,3 Colors,Size: S,Gender: Women
Hoodie 687,$263.80,Rating: ⭐ 4.7 / 5,3 Colors,Size: M,Gender: Unisex
Pants 688,$92.97,Rating: ⭐ 4.4 / 5,3 Colors,Size: L,Gender: Men
Outerwear 689,$121.19,Rating: ⭐ 4.6 / 5,3 Colors,Size: XL,Gender: Women
Jacket 690,$548.91,Rating: ⭐ 4.7 / 5,3 Colors,Size: XXL,Gender: Unisex
Unknown Product,$100.00,Rating: ⭐ Invalid Rating / 5,5 Colors,Size: M,Gender: Men
T-shirt 692,$88.53,Rating: ⭐ 4.1 / 5,3 Colors,Size: M,Gender: Women
Hoodie 693,$189.48,Rating: ⭐ 4.1 / 5,3 Colors,Size: L,Gender: Unisex
Pants 694,$154.17,Rating: ⭐ 3.4 / 5,3 Colors,Size: XL,Gender: Men
Outerwear 695,$59.96,Rating: ⭐ 3.3 / 5,3 Colors,Size: XXL,Gender: Women
Jacket 696,$321.64,Rating: ⭐ 4.2 / 5,3 Colors,Size: S,Gender: Unisex
Crewneck 697,$409.07,Rating: ⭐ 5.0 / 5,3 Colors,Size: M,Gender: Men
T-shirt 698,$152.81,Rating: ⭐ 4.1 / 5,3 Colors,Size: L,Gender: Women
Hoodie 699,$328.14,Rating: ⭐ 4.5 / 5,3 Colors,Size: XL,Gender: Unisex
Pants 700,$220.41,Rating: ⭐ 4.3 / 5,3 Colors,Size: XXL,Gender: Men
Unknown Product,$100.00,Rating: ⭐ Invalid Rating / 5,5 Colors,Size: M,Gender: Men
Jacket 702,$307.98,Rating: ⭐ 4.3 / 5,3 Colors,Size: M,Gender: Unisex
Crewneck 703,$184.32,Rating: ⭐ 4.2 / 5,3 Colors,Size: L,Gender: Men
T-shirt 704,$388.39,Rating: ⭐ 4.1 / 5,3 Colors,Size: XL,Gender: Women
Hoodie 705,$190.18,Rating: ⭐ 3.1 / 5,3 Colors,Size: XXL,Gender: Unisex
Pants 706,,Rating: Not Rated,8 Colors,Size: S,Gender: Men
Outerwear 707,$484.14,Rating: ⭐ 4.4 / 5,3 Colors,Size: M,Gender: Women
Jacket 708,$533.83,Rating: ⭐ 4.3 / 5,3 Colors,Size: L,Gender: Unisex
Crewneck 709,$438.90,Rating: ⭐ 3.9 / 5,3 Colors,Size: XL,Gender: Men
T-shirt 710,$234.47,Rating: ⭐ 3.2 / 5,3 Colors,Size: XXL,Gender: Women
Unknown Product,$100.00,Rating: ⭐ Invalid Rating / 5,5 Colors,Size: M,Gender: Men
Pants 712,$94.40,Rating: ⭐ 4.1 / 5,3 Colors,Size: M,Gender: Men
Outerwear 713,$196.43,Rating: ⭐ 4.4 / 5,3 Colors,Size: L,Gender: Women
Jacket 714,$55.77,Rating: ⭐ 3.1 / 5,3 Colors,Size: XL,Gender: Unisex
Crewneck 715,$438.86,Rating: ⭐ 3.9 / 5,3 Colors,Size: XXL,Gender: Men
T-shirt 716,$225.16,Rating: ⭐ 4.9 / 5,3 Colors,Size: S,Gender: Women
Hoodie 717,$95.80,Rating: ⭐ 3.6 / 5,3 Colors,Size: M,Gender: Unisex
Pants 718,$253.57,Rating: ⭐ 3.2 / 5,3 Colors,Size: L,Gender: Men
Outerwear 719,$198.31,Rating: ⭐ 4.7 / 5,3 Colors,Size: XL,Gender: Women
Jacket 720,$126.77,Rating: ⭐ 3.8 / 5,3 Colors,Size: XXL,Gender: Unisex
Unknown Product,$100.00,Rating: ⭐ Invalid Rating / 5,5 Colors,Size: M,Gender: Men
T-shirt 722,$545.27,Rating: ⭐ 3.2 / 5,3 Colors,Size: M,Gender: Women
Hoodie 723,$354.05,Rating: ⭐ 3.4 / 5,3 Colors,Size: L,Gender: Unisex
Pants 724,$301.55,Rating: ⭐ 4.7 / 5,3 Colors,Size: XL,Gender: Men
Outerwear 725,$311.20,Rating: ⭐ 3.0 / 5,3 Colors,Size: XXL,Gender: Women
Jacket 726,$396.62,Rating: ⭐ 3.5 / 5,3 Colors,Size: S,Gender: Unisex
Crewneck 727,$251.50,Rating: ⭐ 4.8 / 5,3 Colors,Size: M,Gender: Men
T-shirt 728,$510.84,Rating: ⭐ 3.0 / 5,3 Colors,Size: L,Gender: Women
Hoodie 729,$401.96,Rating: ⭐ 3.6 / 5,3 Colors,Size: XL,Gender: Unisex
Pants 730,$451.80,Rating: ⭐ 4.5 / 5,3 Colors,Size: XXL,Gender: Men
Unknown Product,$100.00,Rating: ⭐ Invalid Rating / 5,5 Colors,Size: M,Gender: Men
Jacket 732,$412.35,Rating: ⭐ 3.9 / 5,3 Colors,Size: M,Gender: Unisex
Crewneck 733,$72.68,Rating: ⭐ 4.7 / 5,3 Colors,Size: L,Gender: Men
T-shirt 734,$428.66,Rating: ⭐ 4.2 / 5,3 Colors,Size: XL,Gender: Women
Hoodie 735,$291.52,Rating: ⭐ 4.0 / 5,3 Colors,Size: XXL,Gender: Unisex
Pants 736,,Rating: Not Rated,8 Colors,Size: S,Gender: Men
Outerwear 737,$63.48,Rating: ⭐ 4.7 / 5,3 Colors,Size: M,Gender: Women
Jacket 738,$118.37,Rating: ⭐ 3.7 / 5,3 Colors,Size: L,Gender: Unisex
Crewneck 739,$504.56,Rating: ⭐ 3.3 / 5,3 Colors,Size: XL,Gender: Men
T-shirt 740,$438.54,Rating: ⭐ 3.4 / 5,3 Colors,Size: XXL,Gender: Women
Unknown Product,$100.00,Rating: ⭐ Invalid Rating / 5,5 Colors,Size: M,Gender: Men
Pants 742,$351.63,Rating: ⭐ 3.6 / 5,3 Colors,Size: M,Gender: Men
Outerwear 743,$354.88,Rating: ⭐ 3.0 / 5,3 Colors,Size: L,Gender: Women
Jacket 744,$323.48,Rating: ⭐ 4.1 / 5,3 Colors,Size: XL,Gender: Unisex
Crewneck 745,$180.16,Rating: ⭐ 3.8 / 5,3 Colors,Size: XXL,Gender: Men
T-shirt 746,$94.84,Rating: ⭐ 5.0 / 5,3 Colors,Size: S,Gender: Women
Hoodie 747,$395.43,Rating: ⭐ 4.7 / 5,3 Colors,Size: M,Gender: Unisex
Pants 748,$195.88,Rating: ⭐ 3.7 / 5,3 Colors,Size: L,Gender: Men
Outerwear 749,$164.21,Rating: ⭐ 3.2 / 5,3 Colors,Size: XL,Gender: Women
Jacket 750,$64.40,Rating: ⭐ 3.7 / 5,3 Colors,Size: XXL,Gender: Unisex
Unknown Product,$100.00,Rating: ⭐ Invalid Rating / 5,5 Colors,Size: M,Gender: Men
T-shirt 752,$464.47,Rating: ⭐ 3.8 / 5,3 Colors,Size: M,Gender: Women
Hoodie 753,$508.60,Rating: ⭐ 4.8 / 5,3 Colors,Size: L,Gender: Unisex
Pants 754,$451.86,Rating: ⭐ 3.1 / 5,3 Colors,Size: XL,Gender: Men
Outerwear 755,$431.90,Rating: ⭐ 4.6 / 5,3 Colors,Size: XXL,Gender: Women
Jacket 756,$445.50,Rating: ⭐ 3.1 / 5,3 Colors,Size: S,Gender: Unisex
Crewneck 757,$473.92,Rating: ⭐ 4.4 / 5,3 Colors,Size: M,Gender: Men
T-shirt 758,$376.62,Rating: ⭐ 3.1 / 5,3 Colors,Size: L,Gender: Women
Hoodie 759,$173.74,Rating: ⭐ 4.7 / 5,3 Colors,Size: XL,Gender: Unisex
Pants 760,$136.94,Rating: ⭐ 4.1 / 5,3 Colors,Size: XXL,Gender: Men
Unknown Product,$100.00,Rating: ⭐ Invalid Rating / 5,5 Colors,Size: M,Gender: Men
Jacket 762,$255.74,Rating: ⭐ 4.9 / 5,3 Colors,Size: M,Gender: Unisex
Crewneck 763,$362.04,Rating: ⭐ 3.9 / 5,3 Colors,Size: L,Gender: Men
T-shirt 764,$450.73,Rating: ⭐ 3.4 / 5,3 Colors,Size: XL,Gender: Women
Hoodie 765,$83.96,Rating: ⭐ 4.9 / 5,3 Colors,Size: XXL,Gender: Unisex
Pants 766,,Rating: Not Rated,8 Colors,Size: S,Gender: Men
Outerwear 767,$259.55,Rating: ⭐ 4.5 / 5,3 Colors,Size: M,Gender: Women
Jacket 768,$353.88,Rating: ⭐ 4.9 / 5,3 Colors,Size: L,Gender: Unisex
Crewneck 769,$393.41,Rating: ⭐ 3.3 / 5,3 Colors,Size: XL,Gender: Men
T-shirt 770,$103.44,Rating: ⭐ 3.5 / 5,3 Colors,Size: XXL,Gender: Women
Unknown Product,$100.00,Rating: ⭐ Invalid Rating / 5,5 Colors,Size: M,Gender: Men
Pants 772,$546.76,Rating: ⭐ 3.4 / 5,3 Colors,Size: M,Gender: Men
Outerwear 773,$212.10,Rating: ⭐ 3.2 / 5,3 Colors,Size: L,Gender: Women
Jacket 774,$92.86,Rating: ⭐ 4.1 / 5,3 Colors,Size: XL,Gender: Unisex
Crewneck 775,$511.84,Rating: ⭐ 3.1 / 5,3 Colors,Size: XXL,Gender: Men
T-shirt 776,$333.32,Rating: ⭐ 3.7 / 5,3 Colors,Size: S,Gender: Women
Hoodie 777,$381.55,Rating: ⭐ 3.4 / 5,3 Colors,Size: M,Gender: Unisex
Pants 778,$377.17,Rating: ⭐ 4.2 / 5,3 Colors,Size: L,Gender: Men
Outerwear 779,$363.53,Rating: ⭐ 3.2 / 5,3 Colors,Size: XL,Gender: Women
Jacket 780,$172.97,Rating: ⭐ 3.4 / 5,3 Colors,Size: XXL,Gender: Unisex
Unknown Product,$100.00,Rating: ⭐ Invalid Rating / 5,5 Colors,Size: M,Gender: Men
T-shirt 782,$257.34,Rating: ⭐ 4.5 / 5,3 Colors,Size: M,Gender: Women
Hoodie 783,$156.92,Rating: ⭐ 3.0 / 5,3 Colors,Size: L,Gender: Unisex
Pants 784,$333.83,Rating: ⭐ 3.0 / 5,3 Colors,Size: XL,Gender: Men
Outerwear 785,$402.78,Rating: ⭐ 4.3 / 5,3 Colors,Size: XXL,Gender: Women
Jacket 786,$421.83,Rating: ⭐ 5.0 / 5,3 Colors,Size: S,Gender: Unisex
Crewneck 787,$287.10,Rating: ⭐ 4.7 / 5,3 Colors,Size: M,Gender: Men
T-shirt 788,$190.07,Rating: ⭐ 4.7 / 5,3 Colors,Size: L,Gender: Women
Hoodie 789,$134.58,Rating: ⭐ 4.0 / 5,3 Colors,Size: XL,Gender: Unisex
Pants 790,$106.77,Rating: ⭐ 3.2 / 5,3 Colors,Size: XXL,Gender: Men
Unknown Product,$100.00,Rating: ⭐ Invalid Rating / 5,5 Colors,Size: M,Gender: Men
Jacket 792,$254.31,Rating: ⭐ 3.8 / 5,3 Colors,Size: M,Gender: Unisex
Crewneck 793,$540.63,Rating: ⭐ 4.0 / 5,3 Colors,Size: L,Gender: Men
T-shirt 794,$373.94,Rating: ⭐ 4.0 / 5,3 Colors,Size: XL,Gender: Women
Hoodie 795,$263.10,Rating: ⭐ 3.9 / 5,3 Colors,Size: XXL,Gender: Unisex
Pants 796,,Rating: Not Rated,8 Colors,Size: S,Gender: Men
Outerwear 797,$173.21,Rating: ⭐ 4.9 / 5,3 Colors,Size: M,Gender: Women
Jacket 798,$274.44,Rating: ⭐ 3.4 / 5,3 Colors,Size: L,Gender: Unisex
Crewneck 799,$253.05,Rating: ⭐ 4.2 / 5,3 Colors,Size: XL,Gender: Men
T-shirt 800,$464.58,Rating: ⭐ 4.6 / 5,3 Colors,Size: XXL,Gender: Women
Unknown Product,$100.00,Rating: ⭐ Invalid Rating / 5,5 Colors,Size: M,Gender: Men
Pants 802,$356.89,Rating: ⭐ 4.4 / 5,3 Colors,Size: M,Gender: Men
Outerwear 803,$117.21,Rating: ⭐ 4.3 / 5,3 Colors,Size: L,Gender: Women
Jacket 804,$278.69,Rating: ⭐ 3.9 / 5,3 Colors,Size: XL,Gender: Unisex
Crewneck 805,$204.17,Rating: ⭐ 4.8 / 5,3 Colors,Size: XXL,Gender: Men
T-shirt 806,$456.91,Rating: ⭐ 3.0 / 5,3 Colors,Size: S,Gender: Women
Hoodie 807,$313.50,Rating: ⭐ 4.7 / 5,3 Colors,Size: M,Gender: Unisex
Pants 808,$544.86,Rating: ⭐ 3.2 / 5,3 Colors,Size: L,Gender: Men
Outerwear 809,$447.66,Rating: ⭐ 3.7 / 5,3 Colors,Size: XL,Gender: Women
Jacket 810,$237.29,Rating: ⭐ 4.8 / 5,3 Colors,Size: XXL,Gender: Unisex
Unknown Product,$100.00,Rating: ⭐ Invalid Rating / 5,5 Colors,Size: M,Gender: Men
T-shirt 812,$400.38,Rating: ⭐ 4.2 / 5,3 Colors,Size: M,Gender: Women
Hoodie 813,$304.55,Rating: ⭐ 5.0 / 5,3 Colors,Size: L,Gender: Unisex
Pants 814,$69.38,Rating: ⭐ 4.7 / 5,3 Colors,Size: XL,Gender: Men
Outerwear 815,$374.09,Rating: ⭐ 4.8 / 5,3 Colors,Size: XXL,Gender: Women
Jacket 816,$103.07,Rating: ⭐ 4.5 / 5,3 Colors,Size: S,Gender: Unisex
Crewneck 817,$546.51,Rating: ⭐ 4.4 / 5,3 Colors,Size: M,Gender: Men
T-shirt 818,$322.52,Rating: ⭐ 3.8 / 5,3 Colors,Size: L,Gender: Women
Hoodie 819,$296.40,Rating: ⭐ 4.7 / 5,3 Colors,Size: XL,Gender: Unisex
Pants 820,$376.92,Rating: ⭐ 3.4 / 5,3 Colors,Size: XXL,Gender: Men
Unknown Product,$100.00,Rating: ⭐ Invalid Rating / 5,5 Colors,Size: M,Gender: Men
Jacket 822,$52.39,Rating: ⭐ 4.2 / 5,3 Colors,Size: M,Gender: Unisex
Crewneck 823,$381.47,Rating: ⭐ 4.7 / 5,3 Colors,Size: L,Gender: Men
T-shirt 824,$206.34,Rating: ⭐ 4.1 / 5,3 Colors,Size: XL,Gender: Women
Hoodie 825,$66.15,Rating: ⭐ 3.8 / 5,3 Colors,Size: XXL,Gender: Unisex
Pants 826,,Rating: Not Rated,8 Colors,Size: S,Gender: Men
Outerwear 827,$443.19,Rating: ⭐ 4.8 / 5,3 Colors,Size: M,Gender: Women
Jacket 828,$145.25,Rating: ⭐ 4.6 / 5,3 Colors,Size: L,Gender: Unisex
Crewneck 829,$289.40,Rating: ⭐ 4.4 / 5,3 Colors,Size: XL,Gender: Men
T-shirt 830,$281.03,Rating: ⭐ 3.0 / 5,3 Colors,Size: XXL,Gender: Women
Unknown Product,$100.00,Rating: ⭐ Invalid Rating / 5,5 Colors,Size: M,Gender: Men
Pants 832,$247.21,Rating: ⭐ 4.6 / 5,3 Colors,Size: M,Gender: Men
Outerwear 833,$443.83,Rating: ⭐ 3.0 / 5,3 Colors,Size: L,Gender: Women
Jacket 834,$451.48,Rating: ⭐ 3.1 / 5,3 Colors,Size: XL,Gender: Unisex
Crewneck 835,$446.46,Rating: ⭐ 3.9 / 5,3 Colors,Size: XXL,Gender: Men
T-shirt 836,$379.09,Rating: ⭐ 4.1 / 5,3 Colors,Size: S,Gender: Women
Hoodie 837,$345.79,Rating: ⭐ 5.0 / 5,3 Colors,Size: M,Gender: Unisex
Pants 838,$178.05,Rating: ⭐ 3.1 / 5,3 Colors,Size: L,Gender: Men
Outerwear 839,$263.02,Rating: ⭐ 3.9 / 5,3 Colors,Size: XL,Gender: Women
Jacket 840,$510.29,Rating: ⭐ 3.6 / 5,3 Colors,Size: XXL,Gender: Unisex
Unknown Product,$100.00,Rating: ⭐ Invalid Rating / 5,5 Colors,Size: M,Gender: Men
T-shirt 842,$178.69,Rating: ⭐ 3.3 / 5,3 Colors,Size: M,Gender: Women
Hoodie 843,$187.32,Rating: ⭐ 3.6 / 5,3 Colors,Size: L,Gender: Unisex
Pants 844,$463.93,Rating: ⭐ 3.9 / 5,3 Colors,Size: XL,Gender: Men
Outerwear 845,$126.45,Rating: ⭐ 3.2 / 5,3 Colors,Size: XXL,Gender: Women
Jacket 846,$467.53,Rating: ⭐ 3.6 / 5,3 Colors,Size: S,Gender: Unisex
Crewneck 847,$299.37,Rating: ⭐ 3.7 / 5,3 Colors,Size: M,Gender: Men
T-shirt 848,$383.39,Rating: ⭐ 4.1 / 5,3 Colors,Size: L,Gender: Women
Hoodie 849,$488.51,Rating: ⭐ 3.5 / 5,3 Colors,Size: XL,Gender: Unisex
Pants 850,$259.01,Rating: ⭐ 4.2 / 5,3 Colors,Size: XXL,Gender: Men
Unknown Product,$100.00,Rating: ⭐ Invalid Rating / 5,5 Colors,Size: M,Gender: Men
Jacket 852,$173.58,Rating: ⭐ 4.1 / 5,3 Colors,Size: M,Gender: Unisex
Crewneck 853,$165.24,Rating: ⭐ 3.4 / 5,3 Colors,Size: L,Gender: Men
T-shirt 854,$100.00,Rating: ⭐ 4.5 / 5,3 Colors,Size: XL,Gender: Women
Hoodie 855,$203.11,Rating: ⭐ 5.0 / 5,3 Colors,Size: XXL,Gender: Unisex
Pants 856,,Rating: Not Rated,8 Colors,Size: S,Gender: Men
Outerwear 857,$283.30,Rating: ⭐ 3.0 / 5,3 Colors,Size: M,Gender: Women
Jacket 858,$234.29,Rating: ⭐ 3.7 / 5,3 Colors,Size: L,Gender: Unisex
Crewneck 859,$401.16,Rating: ⭐ 3.0 / 5,3 Colors,Size: XL,Gender: Men
T-shirt 860,$151.21,Rating: ⭐ 4.7 / 5,3 Colors,Size: XXL,Gender: Women
Unknown Product,$100.00,Rating: ⭐ Invalid Rating / 5,5 Colors,Size: M,Gender: Men
Pants 862,$258.21,Rating: ⭐ 3.3 / 5,3 Colors,Size: M,Gender: Men
Outerwear 863,$66.96,Rating: ⭐ 4.0 / 5,3 Colors,Size: L,Gender: Women
Jacket 864,$135.50,Rating: ⭐ 4.5 / 5,3 Colors,Size: XL,Gender: Unisex
Crewneck 865,$425.32,Rating: ⭐ 3.9 / 5,3 Colors,Size: XXL,Gender: Men
T-shirt 866,$149.94,Rating: ⭐ 3.2 / 5,3 Colors,Size: S,Gender: Women
Hoodie 867,$81.49,Rating: ⭐ 3.3 / 5,3 Colors,Size: M,Gender: Unisex
Pants 868,$467.11,Rating: ⭐ 4.6 / 5,3 Colors,Size: L,Gender: Men
Outerwear 869,$377.52,Rating: ⭐ 4.5 / 5,3 Colors,Size: XL,Gender: Women
Jacket 870,$399.69,Rating: ⭐ 3.5 / 5,3 Colors,Size: XXL,Gender: Unisex
Unknown Product,$100.00,Rating: ⭐ Invalid Rating / 5,5 Colors,Size: M,Gender: Men
T-shirt 872,$83.98,Rating: ⭐ 4.3 / 5,3 Colors,Size: M,Gender: Women
Hoodie 873,$520.10,Rating: ⭐ 4.8 / 5,3 Colors,Size: L,Gender: Unisex
Pants 874,$172.20,Rating: ⭐ 4.4 / 5,3 Colors,Size: XL,Gender: Men
Outerwear 875,$156.67,Rating: ⭐ 4.6 / 5,3 Colors,Size: XXL,Gender: Women
Jacket 876,$201.61,Rating: ⭐ 4.6 / 5,3 Colors,Size: S,Gender: Unisex
Crewneck 877,$284.54,Rating: ⭐ 4.6 / 5,3 Colors,Size: M,Gender: Men
T-shirt 878,$300.61,Rating: ⭐ 4.7 / 5,3 Colors,Size: L,Gender: Women
Hoodie 879,$64.18,Rating: ⭐ 3.1 / 5,3 Colors,Size: XL,Gender: Unisex
Pants 880,$406.11,Rating: ⭐ 4.3 / 5,3 Colors,Size: XXL,Gender: Men
Unknown Product,$100.00,Rating: ⭐ Invalid Rating / 5,5 Colors,Size: M,Gender: Men
Jacket 882,$401.31,Rating: ⭐ 3.3 / 5,3 Colors,Size: M,Gender: Unisex
Crewneck 883,$368.82,Rating: ⭐ 3.6 / 5,3 Colors,Size: L,Gender: Men
T-shirt 884,$463.42,Rating: ⭐ 4.3 / 5,3 Colors,Size: XL,Gender: Women
Hoodie 885,$297.54,Rating: ⭐ 3.4 / 5,3 Colors,Size: XXL,Gender: Unisex
Pants 886,,Rating: Not Rated,8 Colors,Size: S,Gender: Men
Outerwear 887,$487.90,Rating: ⭐ 3.8 / 5,3 Colors,Size: M,Gender: Women
Jacket 888,$491.83,Rating: ⭐ 4.2 / 5,3 Colors,Size: L,Gender: Unisex
Crewneck 889,$395.87,Rating: ⭐ 4.6 / 5,3 Colors,Size: XL,Gender: Men
T-shirt 890,$402.44,Rating: ⭐ 4.7 / 5,3 Colors,Size: XXL,Gender: Women
Unknown Product,$100.00,Rating: ⭐ Invalid Rating / 5,5 Colors,Size: M,Gender: Men
Pants 892,$532.21,Rating: ⭐ 4.4 / 5,3 Colors,Size: M,Gender: Men
Outerwear 893,$167.10,Rating: ⭐ 3.2 / 5,3 Colors,Size: L,Gender: Women
Jacket 894,$184.16,Rating: ⭐ 4.8 / 5,3 Colors,Size: XL,Gender: Unisex
Crewneck 895,$70.42,Rating: ⭐ 4.3 / 5,3 Colors,Size: XXL,Gender: Men
T-shirt 896,$492.11,Rating: ⭐ 4.9 / 5,3 Colors,Size: S,Gender: Women
Hoodie 897,$379.87,Rating: ⭐ 3.1 / 5,3 Colors,Size: M,Gender: Unisex
Pants 898,$525.54,Rating: ⭐ 4.1 / 5,3 Colors,Size: L,Gender: Men
Outerwear 899,$387.06,Rating: ⭐ 4.8 / 5,3 Colors,Size: XL,Gender: Women
Jacket 900,$450.89,Rating: ⭐ 3.3 / 5,3 Colors,Size: XXL,Gender: Unisex
Unknown Product,$100.00,Rating: ⭐ Invalid Rating / 5,5 Colors,Size: M,Gender: Men
T-shirt 902,$197.75,Rating: ⭐ 3.6 / 5,3 Colors,Size: M,Gender: Women
Hoodie 903,$163.62,Rating: ⭐ 4.1 / 5,3 Colors,Size: L,Gender: Unisex
Pants 904,$209.77,Rating: ⭐ 3.9 / 5,3 Colors,Size: XL,Gender: Men
Outerwear 905,$314.24,Rating: ⭐ 4.9 / 5,3 Colors,Size: XXL,Gender: Women
Jacket 906,$268.86,Rating: ⭐ 3.9 / 5,3 Colors,Size: S,Gender: Unisex
Crewneck 907,$545.79,Rating: ⭐ 4.9 / 5,3 Colors,Size: M,Gender: Men
T-shirt 908,$497.18,Rating: ⭐ 4.2 / 5,3 Colors,Size: L,Gender: Women
Hoodie 909,$523.99,Rating: ⭐ 3.6 / 5,3 Colors,Size: XL,Gender: Unisex
Pants 910,$149.70,Rating: ⭐ 4.7 / 5,3 Colors,Size: XXL,Gender: Men
Unknown Product,$100.00,Rating: ⭐ Invalid Rating / 5,5 Colors,Size: M,Gender: Men
Jacket 912,$490.83,Rating: ⭐ 4.9 / 5,3 Colors,Size: M,Gender: Unisex
Crewneck 913,$201.39,Rating: ⭐ 3.5 / 5,3 Colors,Size: L,Gender: Men
T-shirt 914,$362.45,Rating: ⭐ 4.6 / 5,3 Colors,Size: XL,Gender: Women
Hoodie 915,$165.57,Rating: ⭐ 4.2 / 5,3 Colors,Size: XXL,Gender: Unisex
Pants 916,,Rating: Not Rated,8 Colors,Size: S,Gender: Men
Outerwear 917,$378.85,Rating: ⭐ 4.0 / 5,3 Colors,Size: M,Gender: Women
Jacket 918,$336.30,Rating: ⭐ 3.3 / 5,3 Colors,Size: L,Gender: Unisex
Crewneck 919,$522.75,Rating: ⭐ 4.7 / 5,3 Colors,Size: XL,Gender: Men
T-shirt 920,$231.63,Rating: ⭐ 3.2 / 5,3 Colors,Size: XXL,Gender: Women
Unknown Product,$100.00,Rating: ⭐ Invalid Rating / 5,5 Colors,Size: M,Gender: Men
Pants 922,$75.68,Rating: ⭐ 4.4 / 5,3 Colors,Size: M,Gender: Men
Outerwear 923,$152.24,Rating: ⭐ 3.7 / 5,3 Colors,Size: L,Gender: Women
Jacket 924,$235.27,Rating: ⭐ 3.8 / 5,3 Colors,Size: XL,Gender: Unisex
Crewneck 925,$493.80,Rating: ⭐ 4.5 / 5,3 Colors,Size: XXL,Gender: Men
T-shirt 926,$119.44,Rating: ⭐ 4.6 / 5,3 Colors,Size: S,Gender: Women
Hoodie 927,$481.65,Rating: ⭐ 3.5 / 5,3 Colors,Size: M,Gender: Unisex
Pants 928,$244.48,Rating: ⭐ 3.4 / 5,3 Colors,Size: L,Gender: Men
Outerwear 929,$78.34,Rating: ⭐ 3.3 / 5,3 Colors,Size: XL,Gender: Women
Jacket 930,$108.82,Rating: ⭐ 4.9 / 5,3 Colors,Size: XXL,Gender: Unisex
Unknown Product,$100.00,Rating: ⭐ Invalid Rating / 5,5 Colors,Size: M,Gender: Men
T-shirt 932,$371.10,Rating: ⭐ 4.2 / 5,3 Colors,Size: M,Gender: Women
Hoodie 933,$310.05,Rating: ⭐ 3.4 / 5,3 Colors,Size: L,Gender: Unisex
Pants 934,$140.51,Rating: ⭐ 3.6 / 5,3 Colors,Size: XL,Gender: Men
Outerwear 935,$378.00,Rating: ⭐ 4.1 / 5,3 Colors,Size: XXL,Gender: Women
Jacket 936,$385.34,Rating: ⭐ 3.1 / 5,3 Colors,Size: S,Gender: Unisex
Crewneck 937,$154.71,Rating: ⭐ 4.1 / 5,3 Colors,Size: M,Gender: Men
T-shirt 938,$253.65,Rating: ⭐ 3.6 / 5,3 Colors,Size: L,Gender: Women
Hoodie 939,$279.13,Rating: ⭐ 4.8 / 5,3 Colors,Size: XL,Gender: Unisex
Pants 940,$361.00,Rating: ⭐ 3.7 / 5,3 Colors,Size: XXL,Gender: Men
Unknown Product,$100.00,Rating: ⭐ Invalid Rating / 5,5 Colors,Size: M,Gender: Men
Jacket 942,$498.31,Rating: ⭐ 3.0 / 5,3 Colors,Size: M,Gender: Unisex
Crewneck 943,$285.69,Rating: ⭐ 4.4 / 5,3 Colors,Size: L,Gender: Men
T-shirt 944,$98.64,Rating: ⭐ 4.6 / 5,3 Colors,Size: XL,Gender: Women
Hoodie 945,$131.73,Rating: ⭐ 4.2 / 5,3 Colors,Size: XXL,Gender: Unisex
Pants 946,,Rating: Not Rated,8 Colors,Size: S,Gender: Men
Outerwear 947,$442.48,Rating: ⭐ 4.6 / 5,3 Colors,Size: M,Gender: Women
Jacket 948,$287.53,Rating: ⭐ 3.9 / 5,3 Colors,Size: L,Gender: Unisex
Crewneck 949,$115.27,Rating: ⭐ 4.4 / 5,3 Colors,Size: XL,Gender: Men
T-shirt 950,$480.73,Rating: ⭐ 4.9 / 5,3 Colors,Size: XXL,Gender: Women
Unknown Product,$100.00,Rating: ⭐ Invalid Rating / 5,5 Colors,Size: M,Gender: Men
Pants 952,$447.19,Rating: ⭐ 3.7 / 5,3 Colors,Size: M,Gender: Men
Outerwear 953,$526.45,Rating: ⭐ 3.8 / 5,3 Colors,Size: L,Gender: Women
Jacket 954,$242.42,Rating: ⭐ 4.1 / 5,3 Colors,Size: XL,Gender: Unisex
Crewneck 955,$437.91,Rating: ⭐ 4.7 / 5,3 Colors,Size: XXL,Gender: Men
T-shirt 956,$278.60,Rating: ⭐ 3.1 / 5,3 Colors,Size: S,Gender: Women
Hoodie 957,$251.52,Rating: ⭐ 4.4 / 5,3 Colors,Size: M,Gender: Unisex
Pants 958,$246.64,Rating: ⭐ 4.8 / 5,3 Colors,Size: L,Gender: Men
Outerwear 959,$426.78,Rating: ⭐ 4.6 / 5,3 Colors,Size: XL,Gender: Women
Jacket 960,$365.01,Rating: ⭐ 4.5 / 5,3 Colors,Size: XXL,Gender: Unisex
Unknown Product,$100.00,Rating: ⭐ Invalid Rating / 5,5 Colors,Size: M,Gender: Men
T-shirt 962,$180.49,Rating: ⭐ 4.1 / 5,3 Colors,Size: M,Gender: Women
Hoodie 963,$494.76,Rating: ⭐ 4.6 / 5,3 Colors,Size: L,Gender: Unisex
Pants 964,$242.83,Rating: ⭐ 3.3 / 5,3 Colors,Size: XL,Gender: Men
Outerwear 965,$194.20,Rating: ⭐ 4.5 / 5,3 Colors,Size: XXL,Gender: Women
Jacket 966,$531.22,Rating: ⭐ 4.9 / 5,3 Colors,Size: S,Gender: Unisex
Crewneck 967,$109.00,Rating: ⭐ 3.5 / 5,3 Colors,Size: M,Gender: Men
T-shirt 968,$252.82,Rating: ⭐ 4.4 / 5,3 Colors,Size: L,Gender: Women
Hoodie 969,$264.49,Rating: ⭐ 3.8 / 5,3 Colors,Size: XL,Gender: Unisex
Pants 970,$59.56,Rating: ⭐ 4.6 / 5,3 Colors,Size: XXL,Gender: Men
Unknown Product,$100.00,Rating: ⭐ Invalid Rating / 5,5 Colors,Size: M,Gender: Men
Jacket 972,$454.50,Rating: ⭐ 4.4 / 5,3 Colors,Size: M,Gender: Unisex
Crewneck 973,$445.90,Rating: ⭐ 3.9 / 5,3 Colors,Size: L,Gender: Men
T-shirt 974,$298.08,Rating: ⭐ 3.0 / 5,3 Colors,Size: XL,Gender: Women
Hoodie 975,$301.00,Rating: ⭐ 3.6 / 5,3 Colors,Size: XXL,Gender: Unisex
Pants 976,,Rating: Not Rated,8 Colors,Size: S,Gender: Men
Outerwear 977,$209.75,Rating: ⭐ 3.6 / 5,3 Colors,Size: M,Gender: Women
Jacket 978,$244.89,Rating: ⭐ 3.6 / 5,3 Colors,Size: L,Gender: Unisex
Crewneck 979,$303.03,Rating: ⭐ 3.4 / 5,3 Colors,Size: XL,Gender: Men
T-shirt 980,$409.00,Rating: ⭐ 3.1 / 5,3 Colors,Size: XXL,Gender: Women
Unknown Product,$100.00,Rating: ⭐ Invalid Rating / 5,5 Colors,Size: M,Gender: Men
Pants 982,$455.11,Rating: ⭐ 4.9 / 5,3 Colors,Size: M,Gender: Men
Outerwear 983,$360.16,Rating: ⭐ 3.2 / 5,3 Colors,Size: L,Gender: Women
Jacket 984,$459.34,Rating: ⭐ 3.8 / 5,3 Colors,Size: XL,Gender: Unisex
Crewneck 985,$389.75,Rating: ⭐ 4.3 / 5,3 Colors,Size: XXL,Gender: Men
T-shirt 986,$419.61,Rating: ⭐ 4.5 / 5,3 Colors,Size: S,Gender: Women
Hoodie 987,$250.50,Rating: ⭐ 4.7 / 5,3 Colors,Size: M,Gender: Unisex
Pants 988,$128.39,Rating: ⭐ 3.5 / 5,3 Colors,Size: L,Gender: Men
Outerwear 989,$429.34,Rating: ⭐ 4.2 / 5,3 Colors,Size: XL,Gender: Women
Jacket 990,$207.96,Rating: ⭐ 4.2 / 5,3 Colors,Size: XXL,Gender: Unisex
Unknown Product,$100.00,Rating: ⭐ Invalid Rating / 5,5 Colors,Size: M,Gender: Men
T-shirt 992,$302.53,Rating: ⭐ 4.9 / 5,3 Colors,Size: M,Gender: Women
Hoodie 993,$397.62,Rating: ⭐ 3.4 / 5,3 Colors,Size: L,Gender: Unisex
Pants 994,$105.86,Rating: ⭐ 4.4 / 5,3 Colors,Size: XL,Gender: Men
Outerwear 995,$502.92,Rating: ⭐ 3.2 / 5,3 Colors,Size: XXL,Gender: Women
Jacket 996,$433.90,Rating: ⭐ 4.3 / 5,3 Colors,Size: S,Gender: Unisex
Crewneck 997,$332.58,Rating: ⭐ 3.9 / 5,3 Colors,Size: M,Gender: Men
T-shirt 998,$56.75,Rating: ⭐ 4.2 / 5,3 Colors,Size: L,Gender: Women
Hoodie 999,$533.39,Rating: ⭐ 4.8 / 5,3 Colors,Size: XL,Gender: Unisex
Pants 1000,$183.64,Rating: ⭐ 4.7 / 5,3 Colors,Size: XXL,Gender: Men
